maxBuy,maxSell,minBuy,minSell,buy,sell,sellVolume,buyVolume,timestamp,buyMovingWeek,sellMovingWeek
34376570.0,32610924.0,33411196.0,31973276.0,33909744.8,31973275.6,6843,145,2026-05-27T02:00:00,2031,929
34656200.0,32162080.0,33716092.0,31741988.0,34656198.2,31741988.0,6281,67,2026-05-26T02:00:00,2022,897
35000000.0,30107530.0,30888534.0,29703010.0,31055093.0,29703010.2,4911,210,2026-05-23T02:00:00,1994,861
31230316.0,29631846.0,30897390.0,29478078.0,31230316.9,29478079.3,4580,209,2026-05-22T02:00:00,2006,852
31683360.0,29385856.0,30863354.0,29298938.0,31683359.5,29298939.0,4415,160,2026-05-21T02:00:00,1968,919
31933662.0,29555822.0,30499996.0,29199696.0,30499998.7,29199695.7,4342,222,2026-05-20T02:00:00,1944,901
33000000.0,29199698.0,29800000.0,29199692.0,33000000.0,29199691.5,4197,119,2026-05-19T02:00:00,2041,949
33000000.0,29323208.0,30000000.0,29000006.0,31326254.8,29000005.5,3800,139,2026-05-18T02:00:00,1858,905
31670000.0,30000000.0,30162282.0,27660882.0,30162282.9,27660882.4,3045,84,2026-05-17T02:00:00,1885,894
30765294.0,27660880.0,28683206.0,26500000.0,28749887.4,26500001.2,1965,123,2026-05-16T02:00:00,1789,875
28749888.0,26027804.0,27586040.0,25000000.0,28749887.8,25000000.4,500,205,2026-05-15T02:00:00,1754,871
30354062.0,28600942.0,28674898.0,28000000.0,30354061.6,28600939.2,2583,355,2026-05-14T02:00:00,1802,802
32651096.0,28720518.0,30354062.0,28387760.0,32651095.1,28387759.9,2365,66,2026-05-13T02:00:00,1743,830
32288444.0,31000000.0,31844414.0,30650000.0,32288443.1,30825604.3,3432,876,2026-05-11T02:00:00,1816,876
32651096.0,30898674.0,32000000.0,30650006.0,32651096.5,30650006.1,3216,940,2026-05-10T02:00:00,1760,893
34900000.0,30454314.0,31368980.0,30000004.0,31521089.5,30000005.2,2611,206,2026-05-08T02:00:00,1848,970
40000000.0,32000000.0,29133380.0,28010828.0,29133380.7,28010827.7,2254,49,2026-05-07T02:00:00,1896,980
29133382.0,28010828.0,28901080.0,28010824.0,29133379.6,28010824.6,2137,103,2026-05-06T06:00:00,1948,1011
29258116.0,28010824.0,28798998.0,27945174.0,29258117.0,27945174.6,1459,49,2026-05-05T04:00:00,1913,986
28999996.0,27945174.0,28702066.0,27900646.0,28791113.8,27900645.3,978,209,2026-05-04T08:00:00,1908,1014
30000000.0,27906474.0,28884274.0,27761174.0,29393276.0,27761174.9,773,42,2026-05-03T02:00:00,2035,1003
30000000.0,28000000.0,28831988.0,27761164.0,29999998.7,27761164.6,562,53,2026-05-02T02:00:00,2092,1065
28904920.0,28010344.0,28594960.0,27761164.0,28904919.3,27761166.2,144,144,2026-05-01T02:00:00,2038,1058
28904922.0,27761170.0,28000000.0,27761164.0,28904922.4,27761166.0,146,133,2026-04-30T02:00:00,1989,1029
29032010.0,28017980.0,28809358.0,27761164.0,29032009.2,27970196.3,6718,288,2026-04-29T02:00:00,2073,948
29725228.0,28250000.0,28931138.0,27970194.0,29725226.9,27970194.1,6662,185,2026-04-28T02:00:00,2153,979
30094120.0,29000000.0,29592710.0,27761162.0,30094113.1,27761161.5,6231,66,2026-04-27T02:00:00,2191,1105
30731234.0,27825862.0,28919050.0,27385458.0,30731233.9,27385457.8,5571,51,2026-04-26T02:00:00,2177,1187
28703054.0,27366924.0,28287630.0,27170150.0,28287630.3,27170149.4,5400,456,2026-04-25T02:00:00,2152,1171
28873384.0,28500000.0,28181472.0,27170146.0,28873383.7,27170145.8,5293,339,2026-04-24T02:00:00,2155,1131
30731234.0,27170146.0,29272912.0,27170126.0,30731234.4,27170125.3,4675,159,2026-04-23T02:00:00,2194,1173
30402294.0,27170120.0,27434126.0,26071710.0,27434125.4,26071710.2,2764,228,2026-04-22T02:00:00,2158,1223
27190712.0,26000002.0,26437320.0,25000008.0,26774473.8,25088730.5,1485,430,2026-04-21T02:00:00,2130,1245
30402294.0,29000010.0,25500000.0,23400000.0,30402293.9,29000009.1,1082,404,2026-04-20T02:00:00,2027,1195
30731232.0,29139984.0,29430460.0,29000008.0,30731232.4,29000008.3,6025,318,2026-04-19T02:00:00,2058,1082
30731240.0,29086568.0,30000000.0,29000004.0,30731239.3,29000004.6,5557,241,2026-04-18T02:00:00,2042,1082
32219876.0,29160998.0,30312198.0,29000002.0,30499999.5,29000001.3,5226,228,2026-04-17T02:00:00,2117,1053
31101000.0,30400000.0,29496980.0,28648542.0,29591250.2,28648541.5,5867,904,2026-04-16T02:00:00,2074,1025
29943000.0,28648540.0,29496982.0,28648536.0,29942999.7,28648536.8,5869,815,2026-04-15T02:00:00,2052,977
32633198.0,28775346.0,29825600.0,28500008.0,32633197.9,28500007.9,5637,509,2026-04-14T02:00:00,2043,953
34114508.0,31923118.0,32482534.0,31840216.0,34114508.8,31840216.0,6533,144,2026-04-13T02:00:00,2145,909
34114516.0,32500000.0,33291210.0,31720506.0,33465735.9,31720506.1,6239,360,2026-04-12T02:00:00,2024,973
39249996.0,32138480.0,29800000.0,28500006.0,37999998.3,28500005.3,5546,68,2026-04-11T02:00:00,1978,975
42000000.0,29000000.0,29784708.0,27270664.0,30252663.6,27270663.4,4211,116,2026-04-10T02:00:00,1920,1057
30718336.0,29116186.0,29300000.0,27270656.0,30718330.9,27270656.8,3897,196,2026-04-09T02:00:00,1878,1029
42000000.0,27326332.0,28013982.0,27180326.0,28106611.4,27180326.2,3485,99,2026-04-08T02:00:00,1878,1105
28106612.0,27221562.0,27930616.0,27091224.0,28005071.1,27091224.5,3377,228,2026-04-07T02:00:00,1881,1101
28106612.0,27141992.0,27500000.0,26922306.0,28106611.8,26922305.9,3285,137,2026-04-06T02:00:00,1912,1122
28384418.0,26951192.0,27000000.0,26922306.0,28384417.4,26922305.4,3066,403,2026-04-05T02:00:00,1979,1105
29099988.0,28400000.0,28106616.0,26922298.0,28927962.3,27379734.5,3220,342,2026-04-04T02:00:00,2037,1152
29100000.0,28950000.0,28919858.0,27298670.0,29049999.5,27298671.7,3172,272,2026-04-03T02:00:00,2079,1140
30782424.0,27298670.0,28402892.0,26922292.0,28558314.1,26922291.9,2403,201,2026-04-02T02:00:00,2118,1173
28962724.0,26736452.0,27234522.0,26736448.0,27495590.7,26736447.4,1936,355,2026-04-01T02:00:00,2153,1147
28962726.0,26826608.0,27777798.0,26736434.0,28962724.8,26736434.1,1394,250,2026-03-31T02:00:00,2149,1176
30385302.0,26736432.0,27500000.0,26000002.0,30385302.6,26000002.2,637,223,2026-03-30T02:00:00,2088,1193
31609368.0,28912482.0,27243862.0,10000001.0,31609367.2,28725326.3,412,343,2026-03-29T02:00:00,2113,1169
32923508.0,31426534.0,32023508.0,30304868.0,32923507.8,31335085.5,827,267,2026-03-28T02:00:00,2095,1081
34522404.0,32000000.0,32000000.0,30304868.0,32272474.7,30304867.7,480,267,2026-03-27T02:00:00,2110,1032
36000000.0,31122442.0,30915256.0,30200000.0,30994727.8,30200000.5,616,183,2026-03-26T02:00:00,2108,984
30541012.0,30000000.0,29554784.0,27882156.0,30541012.0,29037809.5,313,240,2026-03-25T02:00:00,2027,983
30994728.0,29734786.0,30541014.0,29675416.0,30637189.3,29675417.7,7657,272,2026-03-24T02:00:00,2097,997
31686268.0,29741382.0,30599998.0,29675416.0,31686266.7,29675415.8,7633,65,2026-03-23T02:00:00,2167,1009
31909706.0,29675414.0,31263358.0,28886652.0,31909701.9,28886653.0,6749,55,2026-03-22T02:00:00,2211,1178
31909708.0,28886330.0,29499998.0,28421068.0,31909707.4,28421067.3,5648,47,2026-03-21T02:00:00,2334,1173
32297338.0,28421062.0,29569610.0,28257432.0,29715409.0,28257432.6,4882,86,2026-03-20T02:00:00,2329,1165
36000000.0,30000000.0,29561934.0,27454894.0,36000000.0,27454893.9,4195,74,2026-03-19T02:00:00,2480,1167
30999998.0,28000000.0,28184976.0,27268296.0,30626827.0,27268296.8,3745,23,2026-03-18T02:00:00,2861,1157
30999998.0,27268296.0,27899998.0,27000004.0,27989998.7,27000003.4,3470,163,2026-03-17T02:00:00,2976,1123
28597312.0,27140166.0,28161486.0,26963616.0,28597307.5,26963616.5,3306,387,2026-03-16T02:00:00,3177,1107
33000000.0,29000002.0,28357774.0,26963616.0,31266663.6,29000001.8,4093,213,2026-03-15T02:00:00,3124,1028
31266666.0,27156958.0,27800000.0,26963606.0,28577536.7,26963606.6,3571,261,2026-03-14T02:00:00,3284,1151
28756864.0,26963604.0,28037568.0,26665286.0,28756863.2,26665285.5,3282,320,2026-03-13T02:00:00,3618,1198
29534398.0,26665284.0,28190042.0,26525702.0,29317099.3,26525701.8,2871,237,2026-03-12T02:00:00,3489,1223
28787112.0,26638768.0,26980000.0,26000008.0,27470695.0,26000007.3,2212,295,2026-03-11T02:00:00,3198,1233
27932962.0,26000008.0,26868424.0,25500002.0,27932962.1,25500001.3,1960,362,2026-03-10T02:00:00,3060,1247
28203294.0,25219522.0,27100000.0,25219514.0,28203293.9,25219513.7,756,880,2026-03-09T02:00:00,2944,1293
29534400.0,28000000.0,28644548.0,27361474.0,29534398.3,27361474.2,1163,318,2026-03-08T02:00:00,2933,1242
32000000.0,30000000.0,29368986.0,27000000.0,31999998.8,30000000.2,1004,84,2026-03-07T02:00:00,2833,1250
28500000.0,25634620.0,26449998.0,25568090.0,27054266.4,25634619.0,618,119,2026-03-06T02:00:00,2518,1298
27054274.0,26000000.0,26500000.0,25498060.0,27054274.0,25498059.3,544,146,2026-03-05T02:00:00,2665,1376
27541534.0,25416152.0,25459214.0,24862904.0,25459213.5,24862904.0,226,288,2026-03-04T02:00:00,2803,1395
28500000.0,25092154.0,25459216.0,24862902.0,25891972.5,24862901.2,3344,120,2026-03-03T02:00:00,2842,1443
28500000.0,24919756.0,25502152.0,24862896.0,25652099.0,24862895.7,3142,200,2026-03-02T02:00:00,2733,1465
26065778.0,25000000.0,25438226.0,24862894.0,26065776.4,24862893.3,3150,777,2026-03-01T02:00:00,2870,1564
26899996.0,25500000.0,26000000.0,24721160.0,26249235.1,25008648.0,3382,573,2026-02-28T02:00:00,2891,1581
26555556.0,25008648.0,26125178.0,24943350.0,26369738.7,24943349.9,3269,549,2026-02-28T00:00:00,2921,1593
27000000.0,25046180.0,25624334.0,24721156.0,26699999.3,24721156.4,2923,522,2026-02-26T02:00:00,2915,1582
26700000.0,24500000.0,24064736.0,23000000.0,24064735.2,23000000.0,2223,515,2026-02-25T02:00:00,2845,1674
26700000.0,25520018.0,23776958.0,20000000.0,25899998.1,25500018.6,4343,474,2026-02-24T02:00:00,3058,1693
26474754.0,25763818.0,26067000.0,25500018.0,26187389.3,25763816.7,4860,457,2026-02-23T02:00:00,3106,1645
26999998.0,26045660.0,26000000.0,25733234.0,26999997.1,25995430.7,4993,363,2026-02-22T02:00:00,3036,1535
27322416.0,26038252.0,26304652.0,25800000.0,27322415.4,25800001.0,4759,410,2026-02-21T02:00:00,3056,1425
28000000.0,26000000.0,26330074.0,25605676.0,26330075.4,25605677.3,4321,317,2026-02-20T02:00:00,2986,1470
31000000.0,26279930.0,26499998.0,26111516.0,27344052.4,26160443.3,5372,81,2026-02-19T02:00:00,3089,1543
27999998.0,26111518.0,27000000.0,26022514.0,27999995.4,26022514.0,4848,84,2026-02-18T02:00:00,3250,1557
27999998.0,26000012.0,26000000.0,25500014.0,26379259.3,25500014.4,3850,635,2026-02-17T02:00:00,3166,1570
27613104.0,26030560.0,26476954.0,25500010.0,27448159.8,26030551.2,4544,740,2026-02-16T02:00:00,3109,1521
28923288.0,26055378.0,27000000.0,25185804.0,28923288.2,25185803.8,3294,337,2026-02-15T02:00:00,3097,1503
33000000.0,25255390.0,26313462.0,25185774.0,26438758.5,25185775.0,2179,499,2026-02-14T02:00:00,2994,1681
26905562.0,25321516.0,26389150.0,25000004.0,26389150.1,25000003.0,1870,213,2026-02-13T02:00:00,2911,1587
27284340.0,25371566.0,25664420.0,25000000.0,26864207.7,25290828.6,1966,668,2026-02-12T02:00:00,2752,1447
27693068.0,26801504.0,26835128.0,25000000.0,27693065.7,26598462.7,3036,1275,2026-02-11T02:00:00,2560,1366
27814700.0,26600000.0,27300000.0,26598458.0,27400854.9,26598465.7,3064,1213,2026-02-10T02:00:00,2510,1353
28100000.0,26647722.0,27400862.0,26598462.0,27485095.7,26598461.4,3014,926,2026-02-09T02:00:00,2522,1399
28100000.0,26673536.0,27485094.0,26436238.0,28099999.5,26436238.7,2867,934,2026-02-08T02:00:00,2528,1384
28846812.0,27341632.0,28022028.0,27184078.0,28846811.7,27184081.6,3430,498,2026-02-07T02:00:00,2643,1234
36000000.0,30000000.0,28657890.0,26032534.0,28657889.2,26032533.2,2716,30,2026-02-06T02:00:00,2769,1242
28000000.0,27000000.0,26645180.0,25404698.0,26650465.9,25404697.9,2003,162,2026-02-05T02:00:00,2727,1352
26788888.0,25331842.0,26079998.0,25000002.0,26079997.8,25000001.9,1131,607,2026-02-04T02:00:00,2882,1543
26987652.0,25089448.0,25971996.0,25000000.0,26788881.3,25000002.4,1109,585,2026-02-03T02:00:00,2948,1513
30000000.0,27022534.0,26987650.0,25000000.0,29294998.2,27000017.3,1199,235,2026-02-02T02:00:00,2922,1572
28705530.0,27000008.0,25549000.0,25211976.0,27008079.4,25211975.8,1129,1122,2026-02-01T02:00:00,2985,1645
26486228.0,26300000.0,26196208.0,24879480.0,26486228.0,24879479.8,374,1679,2026-01-31T02:00:00,2836,1665
26875066.0,25677974.0,26314144.0,25033840.0,26875065.8,25677969.0,400,1466,2026-01-30T02:00:00,2841,1625
29549990.0,26087370.0,26875070.0,25677962.0,29549990.6,26055493.0,717,391,2026-01-29T02:00:00,2921,1533
29573416.0,26248920.0,26779476.0,,27686012.8,26173284.1,2333,229,2026-01-28T02:00:00,2661,1349
27686014.0,26248920.0,27182806.0,26173280.0,27294976.2,26173279.6,2181,1404,2026-01-27T02:00:00,2645,1430
27686010.0,27019198.0,27101072.0,26731144.0,27686010.3,26731153.2,2823,1372,2026-01-26T02:00:00,2865,1427
28029946.0,27780000.0,27590524.0,26731144.0,28029945.1,26830689.3,2663,1135,2026-01-25T02:00:00,2945,1427
32197842.0,31000000.0,28500000.0,27350004.0,32197841.6,27592401.9,3158,221,2026-01-24T02:00:00,3097,1425
29000000.0,26830686.0,27851224.0,26275660.0,28220802.7,26275659.7,2043,219,2026-01-23T02:00:00,3190,1475
28220808.0,26275658.0,26908036.0,25952072.0,27014253.9,25952071.5,1726,206,2026-01-22T02:00:00,3213,1581
27014254.0,26500000.0,26701714.0,25860992.0,27014253.5,25860992.6,1881,212,2026-01-21T02:00:00,3248,1629
27654584.0,25950672.0,27064196.0,25476048.0,27654583.7,25476047.9,1484,215,2026-01-20T02:00:00,3230,1502
28900000.0,27307316.0,24814276.0,23000000.0,28899999.3,27232268.7,1839,225,2026-01-19T02:00:00,3139,1422
29948992.0,28310658.0,28000000.0,26184390.0,27999999.3,26184390.3,1718,181,2026-01-18T02:00:00,3103,1497
28000000.0,26098832.0,26000000.0,25612862.0,26657538.6,25612861.7,1342,953,2026-01-17T02:00:00,3086,1475
26657540.0,25858536.0,23643876.0,,26299998.1,25816483.0,8593,1654,2026-01-16T02:00:00,2962,1491
27700000.0,26000000.0,26573432.0,25816482.0,27699999.2,25816482.5,8591,1086,2026-01-15T02:00:00,3186,1452
29948992.0,27968188.0,27995208.0,25567890.0,29948988.7,27600002.8,8557,215,2026-01-14T02:00:00,3336,1429
30500000.0,27600000.0,26252478.0,25332480.0,26475215.5,26000000.0,8099,311,2026-01-13T02:00:00,3327,1509
26734702.0,25389080.0,26351270.0,25000000.0,26734702.0,25184995.5,8082,220,2026-01-12T02:00:00,3403,1665
27870292.0,27000000.0,26192752.0,24297272.0,27870292.2,25205094.9,8325,245,2026-01-11T02:00:00,3283,1630
27200000.0,25304834.0,25702464.0,24635352.0,25702464.1,24666766.4,7814,944,2026-01-10T02:00:00,3400,1738
26257016.0,26000000.0,25203930.0,24516482.0,26257015.8,24516481.3,7638,906,2026-01-09T02:00:00,3556,1769
27870292.0,26600000.0,25640644.0,24464708.0,27870290.3,24950437.8,7393,585,2026-01-08T02:00:00,3344,1816
27870292.0,27200002.0,25613290.0,24000006.0,27387526.8,24000005.8,6780,614,2026-01-07T02:00:00,3447,1876
28224000.0,28038320.0,27387534.0,22000000.0,27467242.5,26362446.3,10029,184,2026-01-06T02:00:00,3523,1867
26949568.0,26428494.0,26790454.0,26362446.0,26949567.7,26362446.6,9725,274,2026-01-05T02:00:00,3519,1767
29135174.0,26607772.0,26949570.0,26362446.0,29135173.4,26501084.2,9688,263,2026-01-04T02:00:00,3692,1767
28498200.0,27653000.0,27000000.0,26362444.0,28498200.1,26362446.8,9321,816,2026-01-03T02:00:00,3684,1826
31000000.0,28600000.0,27000000.0,26362430.0,27577408.6,26429557.2,8813,85,2026-01-02T02:00:00,3748,1848
28453812.0,26819360.0,26973332.0,26362430.0,28453812.8,26447133.0,9069,67,2026-01-01T02:00:00,3903,1800
29336732.0,26800000.0,26394346.0,25629156.0,26394346.7,25629155.7,8622,265,2025-12-31T02:00:00,3823,1792
27210460.0,25754040.0,26469520.0,25629152.0,27210456.6,25629152.7,8291,165,2025-12-30T02:00:00,3872,1852
27044876.0,25762808.0,26500000.0,25554630.0,27044874.0,25554629.9,7606,185,2025-12-29T02:00:00,3770,1851
27394444.0,26000000.0,25700000.0,25478554.0,26819996.8,25478554.2,7059,182,2025-12-28T02:00:00,3677,1894
27958802.0,26444448.0,25500000.0,25200002.0,27958801.8,26444445.9,6933,401,2025-12-27T02:00:00,3455,1760
29932792.0,28322954.0,27434632.0,25113066.0,29932791.8,28322953.1,7753,272,2025-12-26T02:00:00,3335,1738
30500000.0,27314292.0,26326518.0,25041680.0,26469279.3,25041680.1,6165,276,2025-12-25T02:00:00,3185,1705
29085346.0,25041680.0,25000000.0,24618074.0,28005167.0,24618074.9,4927,109,2025-12-24T02:00:00,3129,1707
28381512.0,26432406.0,24915970.0,23079000.0,27549998.9,26432405.4,4864,143,2025-12-23T02:00:00,2969,1683
27804664.0,26565564.0,26943240.0,26367006.0,27804663.2,26367006.6,4688,375,2025-12-22T02:00:00,2963,1714
29684082.0,27840464.0,27500000.0,26367006.0,28838314.6,27760678.7,4771,139,2025-12-21T02:00:00,3086,1654
29885994.0,29000000.0,28739482.0,27760678.0,29673461.8,27760677.6,4232,95,2025-12-20T02:00:00,3595,1753
31000000.0,29500000.0,28404998.0,27642812.0,28499996.4,28000000.1,4284,204,2025-12-19T02:00:00,3723,1865
29547156.0,28071312.0,28181380.0,27271714.0,29319606.6,27271713.5,3915,318,2025-12-18T02:00:00,3822,1964
30000000.0,28000000.0,27000000.0,26228418.0,27351986.4,26228418.5,3075,134,2025-12-17T02:00:00,3896,1907
28342614.0,26500000.0,24769612.0,24213760.0,24831373.9,24213762.3,2567,1591,2025-12-16T02:00:00,3935,2047
29839600.0,28820256.0,28742616.0,24000010.0,29839596.3,28710134.1,2917,629,2025-12-15T02:00:00,4215,2063
30999998.0,30000000.0,29200000.0,28263266.0,30999997.1,28263265.8,2529,103,2025-12-14T02:00:00,4167,2066
31277150.0,31000000.0,29999998.0,28000004.0,30824285.3,29606095.6,2266,199,2025-12-13T02:00:00,3753,1998
31662382.0,29742002.0,30354896.0,29606096.0,31662382.0,29606096.8,2645,187,2025-12-12T02:00:00,3533,1854
32390764.0,30601140.0,30445214.0,29606094.0,31755683.9,30601140.0,2737,162,2025-12-11T02:00:00,3341,1794
33425964.0,30601140.0,29860702.0,28607016.0,29999999.8,28607015.7,1911,131,2025-12-10T02:00:00,3239,1755
50000000.0,32636494.0,,29977680.0,34683005.0,32170428.0,1995,40,2025-12-09T02:00:00,3174,1541
39000000.0,36000000.0,31999998.0,28000004.0,31999997.3,28000003.9,1261,147,2025-12-08T02:00:00,2892,1480
34399252.0,33287116.0,31600000.0,28000000.0,34399253.4,32341115.9,1175,288,2025-12-07T02:00:00,2916,1478
36499990.0,35000000.0,34248950.0,30194776.0,36294249.4,34442569.6,9597,306,2025-12-06T02:00:00,3092,1557
36499996.0,34535156.0,35043790.0,34442570.0,36294246.5,34442574.1,9309,326,2025-12-05T02:00:00,3136,1554
39000000.0,34620444.0,36294250.0,33684428.0,38999998.8,33684426.5,9033,37,2025-12-04T02:00:00,3244,1616
34500000.0,34000000.0,31715320.0,28253262.0,31715320.8,28253262.2,7952,98,2025-12-03T02:00:00,3270,1722
32648240.0,30045096.0,29000000.0,23100000.0,30999995.3,30000102.3,10914,303,2025-12-02T02:00:00,3185,1783
32648242.0,31305348.0,30729024.0,30000100.0,32648239.8,31248668.3,10958,403,2025-12-01T02:00:00,3209,1710
34499996.0,31394208.0,32213806.0,30916268.0,33199998.9,30916268.9,9688,614,2025-11-30T02:00:00,3073,1661
33736624.0,31030456.0,33199998.0,30916266.0,33736624.5,30916265.9,9622,585,2025-11-30T00:00:00,3081,1659
31995058.0,31106044.0,31691996.0,30400000.0,31995058.3,31010000.7,9902,524,2025-11-28T02:00:00,2858,1524
32486262.0,31490366.0,31995062.0,31437946.0,32202164.4,31437947.6,10544,495,2025-11-27T02:00:00,2738,1450
33213294.0,32000000.0,31900000.0,31437946.0,32999998.6,31437946.4,10439,223,2025-11-26T02:00:00,2604,1397
34000000.0,31557880.0,32999998.0,31010002.0,33700999.7,31010002.7,9958,97,2025-11-25T02:00:00,2608,1352
32296046.0,31135394.0,31853772.0,31010000.0,31947524.3,31010002.9,9419,1230,2025-11-24T02:00:00,2476,1334
32438942.0,31134526.0,31755860.0,30925500.0,32028799.5,30925503.1,8713,1323,2025-11-23T02:00:00,2436,1368
33156990.0,32400000.0,32111962.0,30157864.0,32857076.9,30157865.0,7764,1246,2025-11-22T02:00:00,2296,1346
34853000.0,32919776.0,32841340.0,30000000.0,34852999.6,32850600.0,9433,732,2025-11-21T02:00:00,2449,1319
36118868.0,34904280.0,34472960.0,32850500.0,36118866.8,34811345.2,12640,611,2025-11-20T02:00:00,2541,1273
50000000.0,36000000.0,35487230.0,34811332.0,35487234.2,34811332.0,12228,146,2025-11-19T02:00:00,2641,1262
35948316.0,34880344.0,35304060.0,34811332.0,35948317.6,34880344.1,12248,303,2025-11-18T02:00:00,2749,1300
37148770.0,35500000.0,36053530.0,34811316.0,37148766.0,34928189.5,11566,144,2025-11-17T02:00:00,2940,1294
37681124.0,36000000.0,36411692.0,34811310.0,36442024.9,35290371.9,12183,156,2025-11-16T02:00:00,3227,1330
39990000.0,35162464.0,35000000.0,34811310.0,36950931.7,34811312.6,11442,90,2025-11-15T02:00:00,3427,1416
36950936.0,35500000.0,35000000.0,34040228.0,36950935.1,34040228.7,10740,211,2025-11-14T02:00:00,3394,1420
36950936.0,34185760.0,34838904.0,33403944.0,34838905.3,33403944.1,10004,486,2025-11-13T02:00:00,3235,1453
35935828.0,34000000.0,34680732.0,33257236.0,35935827.6,33257235.1,9770,369,2025-11-12T02:00:00,3164,1473
36950950.0,33257228.0,35935828.0,32687724.0,36524618.8,32687723.9,8914,119,2025-11-11T02:00:00,3019,1486
38777000.0,35000000.0,32000000.0,29500010.0,32649999.0,29500010.7,8128,108,2025-11-10T02:00:00,2798,1502
32574724.0,29697440.0,30976220.0,29500000.0,31999995.5,29500000.8,7719,241,2025-11-09T02:00:00,2594,1305
32574728.0,29354740.0,29963004.0,28768934.0,30555678.3,28768933.3,7165,1059,2025-11-08T02:00:00,2325,1247
30555678.0,28603742.0,29216274.0,28603736.0,30360483.1,28603736.8,6396,1236,2025-11-07T02:00:00,2390,1291
30959476.0,30185504.0,30350214.0,28501000.0,30959476.5,30185501.8,6348,1116,2025-11-06T02:00:00,2553,1252
31390858.0,30811306.0,30812420.0,30185502.0,31332899.8,30811305.9,6338,1034,2025-11-05T02:00:00,2596,1199
31852344.0,30840284.0,31383538.0,30707572.0,31852342.9,30707573.6,6343,682,2025-11-04T02:00:00,2642,1284
32999984.0,30908732.0,30800416.0,30185500.0,32999984.1,30185499.0,5886,220,2025-11-03T02:00:00,2738,1332
32999990.0,28457160.0,28000000.0,27521644.0,28597599.3,27521644.8,4684,540,2025-11-02T02:00:00,2698,1448
29811946.0,29000000.0,28000000.0,27319310.0,29811946.4,27319309.1,4071,248,2025-11-01T02:00:00,2881,1425
29811952.0,28020334.0,28000000.0,27004324.0,28989999.8,27004323.2,3273,271,2025-10-31T02:00:00,2733,1326
29811952.0,27004320.0,28427464.0,26789636.0,28609447.3,26789635.9,2512,276,2025-10-30T02:00:00,2608,1267
28988342.0,28426184.0,28268444.0,25000002.0,28988342.3,28399695.7,5472,596,2025-10-29T02:00:00,2587,1214
29633318.0,28461898.0,28500000.0,28361446.0,29633317.3,28361450.7,5485,253,2025-10-28T02:00:00,2584,1080
30687998.0,30000000.0,29600000.0,28361442.0,30687998.8,28361441.7,4904,240,2025-10-27T02:00:00,2583,1025
30688000.0,28430126.0,28750000.0,28361432.0,30057518.3,28361432.6,4369,325,2025-10-26T02:00:00,2619,1041
30688028.0,28477762.0,29000000.0,28238974.0,29282995.4,28238973.1,4013,532,2025-10-25T02:00:00,2560,1028
30000000.0,28432916.0,28999000.0,28089696.0,29999999.2,28089695.7,3572,501,2025-10-24T02:00:00,2578,1149
30314374.0,28089696.0,29000000.0,28020728.0,30085008.6,28020728.9,2920,462,2025-10-23T02:00:00,2623,1252
31000000.0,28020728.0,28500000.0,27832668.0,28891997.5,27832667.2,2693,345,2025-10-22T02:00:00,2591,1303
30070400.0,28000000.0,27999998.0,27832660.0,29846623.5,27832660.0,2549,288,2025-10-21T02:00:00,2660,1237
31000000.0,27933354.0,28000000.0,27271586.0,30999999.2,27271585.2,1905,216,2025-10-20T02:00:00,2633,1316
29804722.0,28000000.0,28340540.0,26400000.0,29203109.2,26400001.0,1073,347,2025-10-19T02:00:00,2553,1396
29199000.0,28047348.0,28345042.0,26000100.0,29198999.8,28000000.1,217,450,2025-10-18T02:00:00,2449,1344
29657808.0,28395140.0,28846694.0,28000000.0,29525590.6,28335639.5,734,377,2025-10-17T02:00:00,2399,1223
29804724.0,28335638.0,29406594.0,28335634.0,29804722.5,28335634.1,373,280,2025-10-16T02:00:00,2286,1169
31122358.0,28474966.0,29203114.0,28335628.0,31122357.7,28335629.0,3148,451,2025-10-15T02:00:00,2263,1129
31432000.0,28335624.0,28697156.0,27986736.0,28863798.9,27986735.2,2684,389,2025-10-14T02:00:00,2177,1115
29599998.0,28097088.0,28869148.0,27986734.0,29599997.4,28040234.7,2947,327,2025-10-13T02:00:00,2109,1069
32256654.0,30000000.0,29303640.0,28040232.0,32256653.6,29216024.3,3671,130,2025-10-12T02:00:00,2022,1018
33000000.0,29191342.0,30100000.0,28119102.0,30099999.5,28119102.6,2989,395,2025-10-11T02:00:00,1941,1044
30000000.0,28657094.0,28950000.0,28040232.0,28955009.2,28040231.7,2603,533,2025-10-10T02:00:00,2146,1125
29454398.0,28040232.0,28853366.0,27986732.0,29307632.2,27986736.0,2342,359,2025-10-09T02:00:00,2177,1155
29999998.0,28342466.0,29330146.0,27398130.0,29330146.7,27398130.4,1997,323,2025-10-08T02:00:00,2171,1084
30000000.0,27889638.0,27792684.0,23000000.0,28699999.5,27889637.9,1046,459,2025-10-07T02:00:00,2174,1131
29296318.0,28049306.0,28443542.0,27935428.0,29160227.4,27996670.3,1115,412,2025-10-06T02:00:00,2251,1081
29995636.0,29190380.0,29133900.0,27847000.0,29995636.4,29147998.3,2346,213,2025-10-05T02:00:00,2401,1066
30508580.0,29001500.0,29903350.0,28436614.0,30508579.5,28436614.0,1077,139,2025-10-04T02:00:00,2439,1113
33000000.0,29397246.0,28920000.0,28200000.0,30738647.4,29397246.5,746,263,2025-10-03T02:00:00,2256,1131
32999990.0,29729640.0,30000000.0,29260952.0,32500000.0,29260952.1,679,97,2025-10-02T02:00:00,2286,1188
30704748.0,29260950.0,28739624.0,27800000.0,28739625.5,27800000.8,5586,123,2025-10-01T02:00:00,2325,1353
31998000.0,27455690.0,28604476.0,27225848.0,30999998.8,27225847.8,4684,107,2025-09-30T02:00:00,2431,1332
31034586.0,29000000.0,27880630.0,26678206.0,28162676.7,26678206.4,3217,146,2025-09-29T02:00:00,2386,1364
28327618.0,26591390.0,26860304.0,25459628.0,27999998.7,25459628.0,1952,183,2025-09-28T02:00:00,2292,1291
28327622.0,25739236.0,26700000.0,25324452.0,28327620.9,25324452.1,1323,201,2025-09-27T02:00:00,2314,1270
30000000.0,28037516.0,28249998.0,28000014.0,29800001.5,28000016.7,1726,218,2025-09-26T02:00:00,2358,1232
31623000.0,30000000.0,28540000.0,28000014.0,29249997.1,28249967.1,1675,166,2025-09-25T02:00:00,2335,1203
32000000.0,28579046.0,28796732.0,28249970.0,32000000.0,28249970.8,1699,113,2025-09-24T02:00:00,2344,1173
29798000.0,28148284.0,28800000.0,27000000.0,29495067.4,28148283.1,1035,119,2025-09-23T02:00:00,2204,1275
29657304.0,28804000.0,28910856.0,28002784.0,29657304.3,28803440.7,1766,381,2025-09-22T04:00:00,2290,1354
33000000.0,29057502.0,29872906.0,28448208.0,30918919.8,28584714.1,1425,181,2025-09-21T02:00:00,2408,1436
31178278.0,30000000.0,29531080.0,28108564.0,30116999.1,28108564.2,616,527,2025-09-20T02:00:00,2571,1475
30275536.0,29447944.0,28900274.0,28002784.0,30275536.0,29447944.8,522,499,2025-09-19T02:00:00,2539,1441
30849512.0,29447950.0,30275542.0,29447942.0,30849512.4,29447948.0,417,285,2025-09-18T02:00:00,2684,1517
32132894.0,30950000.0,31005244.0,29447942.0,32132894.7,30699985.2,849,254,2025-09-17T04:00:00,2753,1461
33019180.0,31415710.0,32292108.0,30606866.0,33019179.9,31331316.4,702,244,2025-09-16T04:00:00,2794,1393
34756096.0,32393094.0,32499998.0,31331308.0,34756097.6,32000000.2,2058,370,2025-09-15T04:00:00,2834,1431
36879996.0,34169260.0,33161484.0,31151050.0,36879995.1,34000001.9,1944,101,2025-09-14T02:00:00,2825,1326
42000000.0,34000004.0,32134836.0,30606864.0,33030619.2,30606865.0,1095,254,2025-09-13T02:00:00,2663,1268
33999900.0,30606860.0,32932116.0,29208356.0,33520834.1,29208356.5,4878,45,2025-09-12T02:00:00,2641,1242
31246060.0,30000000.0,30512250.0,29112320.0,31246044.7,29112319.3,4055,467,2025-09-11T02:00:00,2449,1093
32081016.0,29112310.0,30000000.0,28363306.0,31704995.7,28363305.3,3428,316,2025-09-10T02:00:00,2344,1070
33000000.0,28363302.0,29384978.0,27940988.0,30141864.0,28021185.6,2568,242,2025-09-09T02:00:00,2329,1041
30671174.0,27885360.0,29070000.0,27000002.0,29999998.9,27885355.7,2293,277,2025-09-08T02:00:00,2364,940
31000000.0,27885354.0,28095622.0,27000002.0,29499996.1,27000001.8,1814,194,2025-09-07T02:00:00,2315,1014
29499996.0,27090348.0,28080486.0,27000002.0,28556555.5,27000001.8,903,243,2025-09-06T02:00:00,2441,1083
28556556.0,27120000.0,28107682.0,26359990.0,28556555.7,26666143.0,11273,367,2025-09-05T02:00:00,2552,1134
29499994.0,26807836.0,28766614.0,26516990.0,29499992.1,26516990.9,10921,278,2025-09-04T02:00:00,2804,1240
34000000.0,28000000.0,26883650.0,26359986.0,30999998.2,26359986.2,10639,45,2025-09-03T02:00:00,2954,1260
29000000.0,26900000.0,28000000.0,26221032.0,28735993.9,26221032.8,10429,131,2025-09-02T02:00:00,2990,1371
31000000.0,26500000.0,26664306.0,26000014.0,27124998.4,26000015.5,10219,176,2025-09-01T02:00:00,3030,1450
27124998.0,26000016.0,26911252.0,26000016.0,27124997.9,26000015.2,10228,191,2025-09-01T00:00:00,3043,1455
28999992.0,27316898.0,28000000.0,27036914.0,28999984.4,27036914.6,9627,314,2025-08-30T02:00:00,2919,1454
30140482.0,26067512.0,25750000.0,24558960.0,27499998.8,24558960.0,8457,140,2025-08-29T02:00:00,2955,1516
27499998.0,25000000.0,25000000.0,24497764.0,25721325.2,24497763.4,7697,352,2025-08-28T02:00:00,2822,1510
27500000.0,25400000.0,25598970.0,24273490.0,27499999.1,24273490.2,7230,989,2025-08-27T02:00:00,2852,1618
30912636.0,27111372.0,26547788.0,24273484.0,30912636.1,26526509.9,7620,360,2025-08-26T02:00:00,2797,1535
37000000.0,30000000.0,24886814.0,24273484.0,25306430.2,24273483.5,6836,175,2025-08-25T02:00:00,2711,1500
26433134.0,26000000.0,24274848.0,24273480.0,26433133.6,24273479.7,6613,312,2025-08-24T02:00:00,2812,1502
30000000.0,26025002.0,26400000.0,24273454.0,29999999.9,24273453.5,6114,70,2025-08-23T02:00:00,2988,1625
25513762.0,24000000.0,24563976.0,23866768.0,24929430.8,23866768.9,5462,158,2025-08-22T02:00:00,3077,1708
25324482.0,23960024.0,24641446.0,23790030.0,25324476.4,23790029.9,4824,126,2025-08-21T02:00:00,3189,1806
25324480.0,24596946.0,24388790.0,23790008.0,25324476.5,24569421.8,4887,173,2025-08-20T02:00:00,3313,2005
25324488.0,24059608.0,24795802.0,23621070.0,25324488.5,23621070.3,3220,148,2025-08-19T02:00:00,3531,2137
25513762.0,25500000.0,24206754.0,23196776.0,24318983.6,23196776.6,2387,352,2025-08-18T02:00:00,3496,2181
24319998.0,23306190.0,23499996.0,23143884.0,24319998.7,23143883.8,1939,291,2025-08-17T02:00:00,3386,2238
25199998.0,23362878.0,23160220.0,23074124.0,25199997.9,23074123.2,606,228,2025-08-16T02:00:00,3217,2262
26027992.0,24547532.0,24999000.0,23074114.0,25864793.7,24396157.5,599,464,2025-08-15T02:00:00,3218,2160
26027994.0,24477738.0,25237302.0,23203794.0,26027992.3,23203793.7,5742,127,2025-08-14T02:00:00,3196,2116
33000000.0,23203790.0,23000000.0,22500004.0,24250809.9,22500004.5,5398,259,2025-08-13T02:00:00,3213,1957
24897978.0,23000000.0,23300000.0,20236362.0,24727199.2,20236362.2,4261,451,2025-08-12T02:00:00,3057,1868
25108634.0,24900000.0,24727200.0,24000000.0,25108633.7,24000000.9,4276,193,2025-08-11T02:00:00,3194,1894
25194272.0,25000000.0,25108634.0,24743578.0,25194272.6,24743580.0,4624,362,2025-08-10T02:00:00,3236,1789
27360292.0,25500002.0,25194274.0,24743578.0,27360292.5,24743577.3,4449,69,2025-08-09T02:00:00,3358,1702
28000000.0,24633124.0,25031728.0,24250058.0,25294754.7,24250058.8,3921,205,2025-08-08T02:00:00,3253,1761
25868060.0,24694084.0,25184786.0,24195074.0,25781253.0,24644529.5,4130,329,2025-08-07T02:00:00,3152,1723
26010656.0,25100000.0,25372584.0,24584700.0,25874477.0,24648890.1,4250,578,2025-08-06T02:00:00,3127,1690
26010656.0,24710164.0,25751914.0,24648884.0,26010656.7,24648883.4,4078,421,2025-08-05T02:00:00,3114,1750
26169096.0,24803528.0,25739724.0,24584700.0,26168998.0,24739184.3,3426,618,2025-08-04T02:00:00,3087,1696
26345160.0,25058456.0,25500000.0,24404716.0,26345158.7,24404715.2,2636,376,2025-08-03T02:00:00,3349,1855
26345160.0,25500000.0,25604396.0,24195072.0,26273265.6,24195072.9,1559,345,2025-08-02T02:00:00,3431,1779
26204776.0,25588394.0,23624668.0,21100000.0,25999998.2,25588394.7,634,698,2025-08-01T02:00:00,3443,1752
26741842.0,25662186.0,26143138.0,25588394.0,26741842.2,25588396.9,14007,476,2025-07-31T02:00:00,3592,1737
28000000.0,25679120.0,25999996.0,25588382.0,25999997.2,25608963.4,13370,990,2025-07-30T02:00:00,3539,1783
27615656.0,26615026.0,26318836.0,25588382.0,27615654.7,26562360.5,13645,599,2025-07-29T02:00:00,3683,1673
27615660.0,27000000.0,26769566.0,25879268.0,27008007.6,26128159.2,13045,859,2025-07-28T02:00:00,3708,1641
33000000.0,26423096.0,26920026.0,25588382.0,28112998.6,26423095.3,13651,381,2025-07-27T02:00:00,3415,1532
31000000.0,26423090.0,27003288.0,25505636.0,27160499.9,25505636.2,11884,127,2025-07-26T02:00:00,3277,1519
27374538.0,26584754.0,26700000.0,26432000.0,27374537.4,26584753.8,13976,248,2025-07-25T02:00:00,3247,1564
28078720.0,26633508.0,27559798.0,26432008.0,28078718.3,26432008.8,13310,133,2025-07-24T02:00:00,3088,1576
28078726.0,27000000.0,27500000.0,26345314.0,28078725.1,26345314.4,12879,299,2025-07-23T02:00:00,2927,1593
28078728.0,27500000.0,27000000.0,26158032.0,28078726.5,27338938.2,13704,107,2025-07-22T02:00:00,2905,1703
28078728.0,27375926.0,27054598.0,25914930.0,27181225.1,25914929.6,12805,801,2025-07-21T02:00:00,2963,1685
27999996.0,26000000.0,27000000.0,25505632.0,27999996.6,25505631.1,10978,646,2025-07-20T02:00:00,3076,1725
28394570.0,25270816.0,25800964.0,25236142.0,25863724.0,25236141.1,9825,1547,2025-07-19T02:00:00,3184,1829
26077958.0,25318218.0,25751072.0,25236140.0,26077956.1,25236140.6,9709,1481,2025-07-18T02:00:00,3411,1743
27663652.0,25333920.0,25918010.0,25133200.0,27663652.0,25133200.4,9386,935,2025-07-17T02:00:00,3557,1699
29197930.0,27967596.0,27663654.0,25000000.0,29197928.3,27945128.1,10767,295,2025-07-16T02:00:00,3671,1608
29461126.0,28500000.0,28657010.0,27721848.0,29287198.2,27800117.8,9970,570,2025-07-15T02:00:00,3492,1534
29461132.0,27800118.0,28125434.0,27443120.0,28379080.5,27443121.2,9437,823,2025-07-14T02:00:34.477,3407,1624
29461128.0,27730934.0,28057198.0,27443112.0,29461128.1,27443113.0,8524,549,2025-07-13T02:00:34.472,3344,1589
30304006.0,28684000.0,27500000.0,27336896.0,28684008.4,27336899.8,8955,450,2025-07-12T02:00:34.481,3401,1611
31000000.0,28000000.0,28000000.0,27158730.0,28099997.3,27158730.5,7939,438,2025-07-11T02:00:14.595,3356,1692
28224116.0,28220000.0,27913156.0,27067634.0,28224116.1,27125460.7,7535,496,2025-07-10T02:00:14.485,3298,1783
28352628.0,27067634.0,27560924.0,26660108.0,27593698.7,26977581.7,6775,1845,2025-07-09T02:00:54.48,3393,1838
28632510.0,27636530.0,27557704.0,26977580.0,28632509.1,27584108.8,7013,1311,2025-07-08T02:00:34.469,3487,1859
29427154.0,27584108.0,27488434.0,26660108.0,27580472.6,26660107.7,5660,598,2025-07-07T02:00:14.48,3442,1884
28127414.0,27077310.0,27455506.0,26456694.0,28020174.1,27055063.6,11948,1422,2025-07-06T02:00:14.472,3491,1875
28257900.0,27601078.0,27957384.0,27055062.0,28113895.3,27500001.1,11481,1313,2025-07-05T02:00:34.503,3400,1901
28257900.0,27500002.0,27500000.0,27055062.0,27835322.2,27055062.8,11181,1307,2025-07-04T02:00:14.494,3426,1974
28257902.0,27323786.0,27665454.0,27055062.0,28257901.3,27323785.6,11253,1141,2025-07-03T02:00:34.477,3600,2101
29998996.0,28000000.0,28000000.0,26916328.0,29998996.9,26916327.3,10198,350,2025-07-02T02:00:34.47,3535,2106
28000000.0,26963172.0,27574784.0,26825364.0,27658051.4,26825364.1,9387,261,2025-07-01T02:00:34.49,3751,2174
27853378.0,26825362.0,27536380.0,26456692.0,27853376.8,26666666.8,9058,158,2025-06-30T02:00:14.523,3627,2257
27999998.0,27000000.0,26944590.0,26375460.0,27999998.4,26375461.0,8959,579,2025-06-29T02:00:34.548,3721,2516
27979998.0,26421848.0,27041162.0,26183648.0,27979998.5,26183649.0,8406,576,2025-06-28T02:00:34.564,3806,2582
27704942.0,25336758.0,25750654.0,25081012.0,26215059.9,25081012.8,8071,679,2025-06-27T02:00:34.458,3781,2608
26619980.0,26000002.0,25999592.0,25081006.0,26619979.4,25157957.1,7353,1064,2025-06-26T02:00:14.546,3826,2483
27000000.0,25000006.0,24270376.0,23136154.0,24396402.5,23136154.5,5325,680,2025-06-25T02:00:14.488,3932,2577
24396410.0,23136152.0,21703106.0,20000000.0,23953000.8,20000000.7,1640,1564,2025-06-24T02:00:14.476,3770,2677
26161276.0,25694098.0,22900000.0,22000000.0,26161276.4,25694097.0,2023,981,2025-06-23T02:00:14.504,4143,2685
28499000.0,27650002.0,26213194.0,25694094.0,27719989.4,27000009.4,2069,508,2025-06-22T02:00:14.444,4069,2548
28349988.0,27223746.0,27524874.0,27000006.0,28349989.0,27000007.2,1992,539,2025-06-21T02:00:34.472,4128,2491
28499992.0,27234736.0,27250000.0,27000000.0,27499999.6,27000000.1,1115,411,2025-06-20T02:00:34.445,4129,2530
26900000.0,25794648.0,25956510.0,25565142.0,25999997.7,25565142.4,1715,543,2025-06-19T02:00:11.81,4083,2617
26178490.0,25750000.0,26014492.0,25565140.0,26178489.4,25565140.0,1316,765,2025-06-18T02:00:31.758,4050,2639
28499990.0,27087410.0,25950000.0,25565140.0,28353939.2,27039490.1,6192,717,2025-06-17T02:00:24.648,4239,2751
28500000.0,28300000.0,27111110.0,25565156.0,27448663.3,25565156.1,5427,688,2025-06-16T02:00:04.651,4310,2862
28000000.0,26129260.0,26138522.0,25565152.0,26999999.8,25565152.6,4514,598,2025-06-15T02:00:24.651,4485,2986
26947230.0,25665780.0,26182860.0,25500000.0,26418121.2,25550003.5,3791,1175,2025-06-14T02:00:04.674,4530,2997
27151292.0,27000000.0,26331450.0,25500000.0,27151291.6,26855037.0,6480,611,2025-06-13T02:00:04.637,4498,2953
28000000.0,26896774.0,27182392.0,26855036.0,27943888.0,26855037.5,6325,402,2025-06-12T02:00:24.617,4381,2886
28541086.0,27503302.0,27789502.0,26855036.0,28541085.2,27438424.7,6495,738,2025-06-11T02:00:04.654,4378,2823
30000000.0,27665054.0,27600000.0,26855036.0,27896226.6,26962291.7,5717,621,2025-06-10T02:00:04.697,4304,2687
29000000.0,27000000.0,27317636.0,26855036.0,27808998.1,26977018.7,5844,611,2025-06-09T02:00:04.638,4093,2500
31000000.0,28080220.0,27898876.0,27000082.0,29500000.0,27764777.6,5802,341,2025-06-08T02:00:24.636,4097,2462
28785630.0,27500000.0,27731278.0,26855032.0,28785630.3,26855033.0,4992,461,2025-06-07T02:05:24.647,4067,2406
29171242.0,28456356.0,27587934.0,26478016.0,29171241.8,28450000.2,4626,572,2025-06-06T02:00:04.614,4023,2526
29881684.0,28831134.0,29000000.0,28450000.0,29682073.4,28831134.4,4956,282,2025-06-05T02:00:04.626,4084,2449
32999996.0,29000000.0,29596980.0,28450002.0,30334987.8,28450001.5,4309,244,2025-06-04T02:00:04.639,4065,2420
30967254.0,30153890.0,26500000.0,25000000.0,30967254.2,30153888.6,4183,349,2025-06-03T02:00:24.934,3892,2284
30967254.0,30290982.0,30899626.0,30111080.0,30899626.1,30290981.9,4440,393,2025-06-03T00:00:04.637,3873,2266
34000000.0,31000000.0,31000000.0,29800000.0,31999998.4,30113778.1,3077,245,2025-06-01T04:00:24.605,3739,2215
31555560.0,31217000.0,30000000.0,29000000.0,31469002.3,31100000.0,6920,266,2025-05-31T02:00:04.727,3810,2242
33429032.0,31959152.0,31450004.0,31000002.0,33429032.6,31890374.8,7032,274,2025-05-30T02:00:04.629,3854,2021
35000000.0,32456774.0,31200000.0,31058908.0,33999999.7,31158525.9,6411,146,2025-05-29T02:00:04.648,3734,1965
32616080.0,31840000.0,31809998.0,31000000.0,32538035.5,31835646.2,6241,367,2025-05-28T02:00:04.631,3619,1909
33545222.0,32299766.0,32200000.0,31835646.0,33545214.5,31835648.5,6283,142,2025-05-27T02:00:24.634,3650,2045
33545216.0,33000000.0,32400000.0,31775484.0,33545213.7,31775484.9,5800,263,2025-05-26T02:00:24.609,3499,1996
34663404.0,34000000.0,33368248.0,31584286.0,34389950.0,33185502.8,6318,144,2025-05-25T02:00:04.655,3550,1908
35189120.0,34050000.0,32370608.0,31000014.0,33140561.1,31000013.5,5582,218,2025-05-24T02:00:24.626,3355,1918
34690000.0,31000002.0,31222432.0,30523672.0,32529485.8,30523672.7,3850,268,2025-05-23T02:00:04.633,3312,1969
33000000.0,31000000.0,31235782.0,29000004.0,32999999.9,29000004.8,2662,199,2025-05-22T02:00:24.633,3411,1977
31106188.0,30055322.0,29071882.0,27500000.0,30995569.7,30000014.0,1311,504,2025-05-21T02:00:24.65,3402,1954
32299996.0,31005310.0,31001682.0,30000008.0,31676694.0,30000008.3,1099,614,2025-05-20T02:00:04.879,3379,1836
34460916.0,32753202.0,32672746.0,30000000.0,34460914.5,32578617.4,1214,187,2025-05-19T02:00:04.63,3470,1781
35320530.0,35000000.0,33791850.0,32000000.0,35320527.2,34006575.1,889,313,2025-05-18T02:00:04.723,3530,1762
36000000.0,35064320.0,34687890.0,33811850.0,35999999.6,35064321.6,503,138,2025-05-17T02:00:04.647,3485,1725
36689824.0,36000000.0,35200000.0,33500000.0,36545842.2,35250011.4,524,114,2025-05-16T02:00:24.637,3435,1664
36689820.0,35322256.0,35854000.0,35250004.0,35920000.0,35260004.5,354,265,2025-05-15T02:00:04.603,3447,1681
36689824.0,35322256.0,35500000.0,35250004.0,36689822.5,35250005.4,2538,224,2025-05-14T02:00:00.344,3578,1617
36781936.0,36000000.0,36270990.0,35250004.0,36781936.1,35860833.4,3047,419,2025-05-13T02:00:20.373,3582,1614
38061490.0,35967788.0,36000000.0,35609468.0,38061485.4,35609466.6,2718,72,2025-05-12T02:00:20.306,3385,1580
38061490.0,36740000.0,36419676.0,35250004.0,36744124.1,35250004.9,2313,167,2025-05-11T02:00:20.335,3165,1575
38061490.0,36000000.0,36238144.0,35072684.0,38061488.0,35141732.2,1983,134,2025-05-10T02:00:00.356,3209,1555
38061490.0,36224430.0,35756000.0,35000000.0,38061485.7,36127745.6,2236,168,2025-05-09T02:00:20.322,3236,1586
45000000.0,35918830.0,,34285444.0,36460111.9,34285445.6,749,42,2025-05-08T02:00:20.338,3309,1550
35450960.0,34700000.0,34787150.0,34285440.0,35450956.6,34285441.2,595,301,2025-05-07T02:00:20.329,3267,1725
36460116.0,34433036.0,35000000.0,34193650.0,36460115.9,34193648.5,2227,94,2025-05-06T02:00:34.466,3299,1686
37219996.0,36420000.0,35000000.0,34416064.0,37219996.4,34700002.4,2559,104,2025-05-05T02:00:14.536,3475,1656
38000000.0,34416068.0,35275772.0,34193650.0,36229866.4,34193650.9,2169,119,2025-05-04T02:00:34.491,3645,1638
36999996.0,35000000.0,35398864.0,33588650.0,35826828.2,33588646.8,2184,132,2025-05-03T02:00:34.466,3977,1620
36999996.0,34500000.0,34982020.0,32886412.0,36999993.5,32886414.2,1917,172,2025-05-02T02:00:34.473,3974,1548
37000000.0,33500000.0,34519796.0,32153746.0,35074795.3,32153746.9,1012,152,2025-05-01T02:00:14.506,3786,1533
41000000.0,34070004.0,35225772.0,33050000.0,35999999.4,33050000.5,5222,82,2025-04-30T02:00:26.967,3702,1313
35439348.0,33700000.0,32958700.0,32958570.0,35439348.0,33082611.1,4693,125,2025-04-29T02:00:27.007,3572,1367
35714990.0,33082596.0,34000000.0,32500012.0,34999999.4,32500012.5,3778,301,2025-04-28T02:00:26.975,3553,1514
36000000.0,34015972.0,33639852.0,32053090.0,35605304.3,32053089.6,3438,146,2025-04-27T02:00:07,3505,1580
36000000.0,32399348.0,32137978.0,31152544.0,32247469.7,31152544.4,2737,263,2025-04-26T02:00:26.979,3241,1568
33700000.0,31200846.0,31521924.0,30600000.0,31564356.6,30600000.4,1820,215,2025-04-25T02:00:26.957,3442,1656
31310754.0,30273418.0,30938952.0,30229630.0,31310753.2,30229629.8,1507,358,2025-04-24T02:00:26.966,3623,1766
31564356.0,30281502.0,30699996.0,30000002.0,31564356.4,30000002.2,797,393,2025-04-23T02:00:27.122,3720,1850
33215028.0,32000000.0,30900000.0,30000000.0,33215026.6,31408229.4,628,337,2025-04-22T02:00:07.042,3906,1820
33336548.0,32127982.0,32226894.0,31313134.0,33336548.2,32121477.0,1800,331,2025-04-21T02:00:26.974,4067,1766
33445178.0,32800000.0,32802510.0,32121476.0,33445178.0,32358884.2,2433,377,2025-04-20T02:00:27.053,4316,1835
34429400.0,32358880.0,32928828.0,31707442.0,34429398.4,31707441.1,1204,381,2025-04-19T02:00:07.038,4305,1891
35067892.0,33495324.0,31378684.0,30158994.0,33983921.1,33495322.7,372,295,2025-04-18T02:00:26.993,4173,1839
35250000.0,34000000.0,33947576.0,33346248.0,34999999.9,33346248.9,2456,508,2025-04-17T02:00:21.947,4010,1759
36000000.0,33002158.0,33000000.0,32185284.0,33820620.8,32185283.4,1874,342,2025-04-16T02:00:01.998,3816,1764
34677830.0,34500000.0,33657090.0,31679158.0,34677831.9,31679157.1,1075,228,2025-04-15T02:00:01.994,3646,1736
36000000.0,32000000.0,32000000.0,31121154.0,32999999.9,31121153.8,1782,141,2025-04-14T02:00:06.738,3543,1679
34380000.0,33384740.0,31000000.0,25000000.0,34379994.0,33277219.0,1595,181,2025-04-13T02:00:27.151,3339,1608
35468012.0,34000000.0,34200000.0,33456510.0,35468011.3,33456509.6,874,179,2025-04-12T02:00:06.72,3367,1575
38000000.0,33456510.0,32217956.0,31404098.0,32308385.0,31404097.4,1308,79,2025-04-11T02:00:19.19,3280,1702
32208308.0,31600000.0,31837986.0,31067832.0,31923561.5,31067834.9,1623,148,2025-04-10T02:00:39.149,3437,1747
32887034.0,31450362.0,31399998.0,31067832.0,32887033.7,31254953.5,3704,359,2025-04-09T02:00:19.15,3477,1725
33819450.0,32544448.0,32500000.0,31254944.0,33819444.5,32284612.9,4221,204,2025-04-08T02:00:19.118,3605,1780
36000000.0,32473702.0,33403504.0,31956400.0,34195637.1,31956399.0,3608,122,2025-04-07T02:00:19.094,3569,1858
34444444.0,32200000.0,32595016.0,31254942.0,32986780.6,31254942.3,2965,217,2025-04-06T02:00:19.134,3653,1937
33199998.0,31139132.0,32000000.0,31000006.0,32356485.8,31139131.4,2362,462,2025-04-05T02:00:19.08,3542,2020
34900000.0,33064382.0,32229246.0,31000004.0,34899998.2,32429999.6,2338,306,2025-04-04T02:00:39.16,3854,1936
34900000.0,32145004.0,31480308.0,30515908.0,31706528.1,30515908.4,1477,417,2025-04-03T02:00:19.121,3787,1967
32149140.0,31057460.0,31400680.0,30173072.0,32149139.8,31000002.3,1213,567,2025-04-02T02:00:19.135,3827,2040
34699916.0,31087096.0,30851950.0,29879740.0,31103146.3,29879739.0,912,276,2025-04-01T02:00:19.103,3743,1986
32979998.0,30020000.0,30353708.0,29879728.0,31999999.8,29879728.6,2906,337,2025-03-31T02:00:14.136,3707,2033
33333332.0,30000000.0,30652318.0,29800004.0,31485750.4,29800005.9,2479,396,2025-03-30T02:00:34.139,3705,1994
35000000.0,32108588.0,31630838.0,29800000.0,34999999.4,31675005.4,2328,348,2025-03-29T02:00:14.22,3831,2072
34817196.0,34600000.0,29712192.0,28400004.0,29857990.5,28400003.0,1696,424,2025-03-28T02:00:34.152,3480,2107
30499994.0,29248552.0,29717030.0,27500000.0,30124997.3,29028863.1,997,527,2025-03-27T02:00:34.071,3490,2095
30499994.0,29500000.0,29428538.0,29000006.0,30499994.0,29150010.7,2918,616,2025-03-26T02:00:34.056,3396,2035
32039508.0,30000002.0,30380726.0,27547782.0,31574117.1,27547781.6,2589,573,2025-03-25T02:00:34.209,3405,2033
32542584.0,32066916.0,28305806.0,27101000.0,32388319.9,32050000.4,2078,454,2025-03-24T02:00:14.121,3414,2093
34410292.0,33852908.0,28803412.0,26000010.0,34410290.2,33823573.1,601,492,2025-03-23T02:00:34.084,3299,2095
35186590.0,33891732.0,34351616.0,33823572.0,34890510.5,33823575.0,539,587,2025-03-22T02:00:34.063,3306,2061
36624250.0,34431856.0,34890510.0,33823580.0,36149990.1,33823580.2,670,294,2025-03-21T02:00:14.131,3344,2030
35928972.0,34000000.0,34000000.0,33823572.0,35928962.7,33823573.3,1673,586,2025-03-20T02:00:18.979,3258,2046
37000000.0,34039348.0,35917350.0,33242506.0,36999998.0,33242506.8,1006,340,2025-03-19T02:00:38.989,3399,2054
32545854.0,32400000.0,32236038.0,31324222.0,32545852.8,31324222.7,2837,547,2025-03-18T02:00:03.797,3467,2059
38400000.0,36500000.0,32313740.0,30000000.0,38399999.5,36500000.2,3867,218,2025-03-17T02:00:03.81,3701,2048
38585304.0,38300000.0,38000000.0,37250190.0,38585305.4,37472485.3,5794,352,2025-03-16T02:00:23.779,3570,1940
38998996.0,38524948.0,38269300.0,37250196.0,38998997.4,37250195.7,5573,355,2025-03-15T02:00:23.758,3420,1908
38999000.0,37071410.0,37473956.0,36780600.0,37999997.9,36965169.8,5746,288,2025-03-14T02:00:03.787,3477,1871
39500000.0,37345884.0,37736640.0,36916410.0,38872839.8,37317113.0,5837,383,2025-03-13T02:00:03.76,3687,1830
39989348.0,37413148.0,37879000.0,36916400.0,39884748.5,36916401.2,5523,248,2025-03-12T02:00:03.785,3680,1907
37865570.0,37000000.0,37250000.0,36916396.0,37499999.3,36916397.6,5190,427,2025-03-11T02:00:03.748,3947,2122
38800000.0,37029884.0,37934492.0,36916396.0,37950702.6,36973540.7,5034,520,2025-03-10T02:00:03.749,3865,2200
39711264.0,38302224.0,38000000.0,36780590.0,39711263.3,38228066.0,5984,369,2025-03-09T02:00:03.754,4171,2429
41998990.0,41000000.0,39000000.0,38150004.0,41998990.3,38150010.7,6250,252,2025-03-08T02:00:23.724,4631,2502
41578436.0,38427880.0,39166956.0,37793470.0,41578437.2,37793470.8,5568,183,2025-03-07T02:00:23.747,4652,2593
39243228.0,37934810.0,38500000.0,37793440.0,39243226.2,37793441.9,4815,516,2025-03-06T02:00:03.734,4642,2735
41126788.0,37892960.0,38254300.0,37623450.0,41126788.8,37623449.9,4361,562,2025-03-05T02:00:23.775,4781,2908
41604704.0,38123110.0,40776456.0,36825596.0,41604703.6,36825598.2,4075,383,2025-03-05T00:00:03.735,4754,2825
39465580.0,37725800.0,37780704.0,36780588.0,39465581.5,37678301.7,4010,932,2025-03-03T02:00:03.789,4406,2720
42111110.0,39073500.0,39465588.0,36500012.0,41999999.9,36500011.4,3123,357,2025-03-02T02:00:23.796,4512,2659
41000000.0,37900000.0,37828476.0,37097250.0,38375284.3,37161152.3,2489,778,2025-03-01T02:00:03.768,4373,2799
39401110.0,38500000.0,38247480.0,37000000.0,39401111.3,38070064.4,4346,567,2025-02-28T02:00:23.733,4475,2734
39911356.0,38077420.0,38458630.0,37350624.0,39655277.1,37350626.1,3986,961,2025-02-27T02:00:03.863,4485,2773
40012640.0,39050630.0,38711504.0,37350620.0,40012641.5,38215711.7,4179,854,2025-02-26T02:00:03.76,4445,2685
40212330.0,38410372.0,39000000.0,37000000.0,40212328.8,37000000.7,3636,356,2025-02-25T02:00:03.757,4667,2707
43308880.0,41258416.0,40261900.0,40000000.0,43249999.8,41258406.2,7313,116,2025-02-24T02:00:03.744,4944,2716
44092890.0,42100000.0,40899116.0,39991176.0,42981299.0,39991184.1,5706,767,2025-02-23T02:00:23.781,5013,2682
44092890.0,41223744.0,42000000.0,39991176.0,42939263.9,40190819.5,5424,158,2025-02-22T02:00:03.767,4845,2486
44092890.0,40237268.0,40154690.0,39068830.0,40558346.2,39068833.9,4847,194,2025-02-21T02:00:23.77,4850,2564
41640000.0,39964892.0,40682304.0,39528104.0,41424248.1,39528105.0,4662,171,2025-02-20T02:00:03.797,5104,2630
42000000.0,40205428.0,40925196.0,39482510.0,41699999.0,39482512.3,4752,101,2025-02-19T02:00:03.74,5201,2617
41700000.0,39560876.0,40000000.0,39400000.0,41049998.2,39400017.3,4390,209,2025-02-18T02:00:03.796,5082,2690
43000000.0,40500000.0,39939996.0,39400020.0,42400733.8,40095117.4,4931,154,2025-02-17T02:00:23.803,5036,2596
45000000.0,39846024.0,40513210.0,39400020.0,41919991.9,39400018.1,4482,189,2025-02-16T02:00:23.732,5008,2726
42200000.0,40061988.0,39236748.0,38471416.0,39405317.7,38547849.4,3542,215,2025-02-15T02:05:03.764,5199,2879
42660000.0,38662536.0,39500600.0,38471396.0,42241137.6,38471395.1,2774,112,2025-02-14T02:00:23.807,5198,2868
41941024.0,40016976.0,40124464.0,38000000.0,41749996.7,40016975.1,2192,241,2025-02-13T02:00:03.752,4852,2742
42394692.0,40404040.0,40813224.0,40006980.0,42394691.6,40006985.9,2020,214,2025-02-12T02:00:03.776,4907,2748
43372696.0,40428336.0,40711440.0,40000000.0,41499999.4,40000005.9,2110,212,2025-02-11T02:00:23.78,4716,2669
42424240.0,41850000.0,41670020.0,40540588.0,42424241.3,40698437.5,1908,151,2025-02-10T02:00:03.787,4978,2597
45032490.0,42000000.0,40450000.0,40000000.0,45032487.7,40100000.2,1094,114,2025-02-09T02:00:03.817,4758,2527
43469990.0,42000000.0,40889556.0,38000000.0,42448611.3,41200003.3,957,316,2025-02-08T02:00:23.769,4420,2478
43999996.0,42069740.0,42000000.0,40000000.0,43999994.8,41302196.6,995,140,2025-02-07T02:00:03.73,4216,2487
44828564.0,44300000.0,43600000.0,40000000.0,44828563.6,43000000.6,3315,251,2025-02-06T02:00:21.173,4253,2371
46000000.0,44000000.0,44600320.0,42500010.0,45999998.1,44000001.1,2696,493,2025-02-05T02:00:01.21,4200,2306
50000000.0,41817316.0,41700000.0,39130988.0,45000000.0,39130988.1,2199,89,2025-02-04T06:00:41.171,4365,2302
41500000.0,38780000.0,39749012.0,37000000.0,40999996.6,38288526.4,1398,444,2025-02-03T02:00:01.24,4065,2337
40825736.0,39257372.0,38977532.0,36000000.0,40676738.6,39257372.7,1119,502,2025-02-02T08:55:21.201,4002,2203
44489428.0,43482450.0,41000000.0,39379636.0,44489429.2,43253121.0,1768,428,2025-02-01T02:00:01.192,4363,2120
49999984.0,44247900.0,43844784.0,43253120.0,49999983.1,43253119.8,1985,148,2025-01-31T06:00:21.191,4423,2087
50000000.0,40338630.0,40868116.0,39257380.0,41699998.7,39257379.6,9643,410,2025-01-30T04:00:06.137,4516,2190
41702400.0,41000000.0,40877736.0,39257376.0,41702399.6,39330003.7,9616,401,2025-01-29T04:00:06.205,4536,2307
41979096.0,40100000.0,40480190.0,39069950.0,41691186.3,39100001.5,9368,218,2025-01-28T00:00:06.571,4555,2291
48000000.0,41231252.0,39000000.0,37072930.0,39499999.0,37169284.9,8621,181,2025-01-27T00:00:06.148,4487,2345
39500000.0,38000000.0,37850000.0,36500004.0,37913822.0,36875000.9,8072,298,2025-01-26T00:00:06.18,4560,2446
38500000.0,37766944.0,37730756.0,36000000.0,38499998.6,37645000.9,7262,238,2025-01-25T00:00:06.193,4489,2465
40000000.0,37713000.0,37950000.0,37460268.0,38642488.7,37460267.9,7099,314,2025-01-24T00:00:06.158,4604,2461
42875770.0,39000000.0,37996296.0,37400000.0,42875767.1,38000000.4,6498,301,2025-01-23T00:00:06.153,4564,2534
48000000.0,42300000.0,40114044.0,38000000.0,42774997.2,40000001.7,7743,189,2025-01-22T00:00:06.171,4655,2361
42998000.0,40500000.0,39407280.0,38500004.0,39984990.9,38500004.7,7411,233,2025-01-21T00:00:06.265,4543,2399
40538710.0,39560876.0,39526164.0,38312010.0,39526164.4,38550086.9,7081,570,2025-01-20T00:00:06.157,4684,2375
48000000.0,38630628.0,38035412.0,37451000.0,38035414.4,37480222.5,6675,158,2025-01-19T00:00:06.186,4788,2575
38999000.0,37702240.0,38035416.0,37451000.0,38361247.0,37451000.2,6140,504,2025-01-18T02:00:06.146,4836,2611
38856976.0,37689840.0,37954548.0,37328716.0,38856977.6,37362287.1,6220,377,2025-01-17T02:00:06.152,4824,2695
38989776.0,37661812.0,37467456.0,37328716.0,38989776.3,37661812.0,6403,251,2025-01-16T02:00:26.144,4910,2786
39356980.0,38067850.0,38211090.0,37328710.0,38539736.0,37328710.5,5880,650,2025-01-15T02:00:26.507,4615,2733
39184240.0,38000000.0,37872456.0,37241270.0,38999999.7,37241275.9,5466,398,2025-01-14T02:00:26.15,4801,2778
39356988.0,38598532.0,38253204.0,36478796.0,39356987.1,36478796.9,4402,880,2025-01-13T02:00:06.352,4656,2746
40599296.0,38848588.0,37841868.0,36000000.0,40599297.2,38838706.5,4930,285,2025-01-12T02:00:06.161,4496,2583
40999996.0,39990000.0,39753108.0,38663264.0,40819183.8,38780103.2,4774,217,2025-01-11T02:00:06.152,4468,2534
42160000.0,40000000.0,38999344.0,38663256.0,39592926.3,38663259.2,4548,261,2025-01-10T02:00:26.211,4376,2414
40553780.0,39196500.0,39130148.0,38663256.0,40553781.5,39130127.7,5080,247,2025-01-09T02:00:06.171,4361,2344
