maxBuy,maxSell,minBuy,buy,sell,sellVolume,buyVolume,timestamp,buyMovingWeek,sellMovingWeek,minSell
20879994.0,18000002.0,13656136.0,20879994.1,18000001.2,2230,1033.0,2026-05-27T02:00:00,632,392,
22999992.0,21598126.0,20000000.0,22999993.0,21598126.0,2704,312.0,2026-05-26T02:00:00,596,271,18000002.0
16897686.0,15469589.0,16747357.0,16897685.4,15315296.3,1882,47.0,2026-05-23T02:00:00,653,255,15315296.0
16897690.0,15315296.0,16731980.0,16731980.6,15240726.3,1662,941.0,2026-05-22T02:00:00,653,278,15240726.0
16897678.0,15315286.0,16723262.0,16897677.6,15153513.3,1598,1024.0,2026-05-21T02:00:00,612,279,15153513.0
16897684.0,15061715.0,14999998.0,14999999.0,10000012.5,1075,949.0,2026-05-20T02:00:00,676,303,10000012.0
16897690.0,10000008.0,15587128.0,15746960.7,5390391.6,81,889.0,2026-05-19T02:00:00,729,329,5390391.5
16999376.0,16400000.0,15746961.0,16935289.8,16171161.5,174,892.0,2026-05-18T02:00:00,726,318,5390390.0
16999376.0,16390562.0,16935290.0,16999375.8,16081685.9,169,902.0,2026-05-17T02:00:00,716,328,16081686.0
16999376.0,16171159.0,16825014.0,16999376.1,16081682.0,62,902.0,2026-05-16T02:00:00,732,347,16081682.0
16999380.0,16500001.0,16999376.0,16999379.7,16081680.5,3138,825.0,2026-05-15T02:00:00,778,350,16081680.0
16999388.0,16081680.0,16902782.0,16999387.2,15982533.2,2986,715.0,2026-05-14T02:00:00,783,364,15982533.0
16999398.0,16000000.0,16723819.0,16999397.6,15982530.6,2937,597.0,2026-05-13T02:00:00,748,373,15982531.0
17391376.0,16066225.0,17000000.0,17391375.1,15923064.5,2901,336.0,2026-05-11T02:00:00,781,379,15923061.0
18148704.0,16023214.0,17271688.0,18148704.8,15923058.1,2947,51.0,2026-05-10T02:00:00,767,354,15923058.0
16916872.0,15967776.0,16647545.0,16916872.1,15923052.4,2822,939.0,2026-05-08T02:00:00,676,302,15923052.0
17149998.0,15972743.0,16728047.0,17149997.9,15923048.9,2733,834.0,2026-05-07T02:00:00,718,317,15923049.0
17493572.0,15984396.0,17149998.0,17493571.6,15772123.3,2461,755.0,2026-05-06T06:00:00,731,296,15772123.0
18523398.0,15772150.0,17684864.0,18523397.7,15626723.2,1559,78.0,2026-05-05T04:00:00,721,275,15626723.0
18523400.0,15771555.0,18233730.0,18523398.6,15626712.6,1238,70.0,2026-05-04T08:00:00,712,252,15626712.0
16696910.0,15538643.0,16574987.0,16696906.1,15345958.7,1090,51.0,2026-05-03T02:00:00,746,260,15345959.0
16696906.0,15338846.0,16547213.0,16547213.2,15200005.0,861,128.0,2026-05-02T02:00:00,766,316,15200005.0
16696908.0,15200005.0,16547214.0,16696906.7,14582753.5,456,133.0,2026-05-01T02:00:00,777,323,14582754.0
16696912.0,14354353.0,16462654.0,16696911.9,14354340.5,510,121.0,2026-04-30T02:00:00,749,340,14354340.0
16696914.0,14354337.0,14820731.0,14820731.8,14231038.1,1635,2327.0,2026-04-29T02:00:00,723,381,14231038.0
14820732.0,14300000.0,14702792.0,14820731.3,14200000.4,1779,2715.0,2026-04-28T02:00:00,713,466,14200000.0
14820732.0,14000000.0,14820730.0,14820730.4,13283099.9,1547,2958.0,2026-04-27T02:00:00,704,509,13283100.0
14820730.0,14056532.0,14443158.0,14744309.7,14056531.8,2519,2976.0,2026-04-26T02:00:00,698,493,12507000.0
14744310.0,14056550.0,14613632.0,14744310.0,14056549.2,3214,3032.0,2026-04-25T02:00:00,745,459,14056543.0
14999998.0,14056548.0,14744315.0,14999997.8,14056545.4,3181,2701.0,2026-04-24T02:00:00,751,458,14056545.0
16990298.0,14200000.0,16195232.0,16990298.0,14056542.0,3120,2011.0,2026-04-23T02:00:00,725,447,14056542.0
18457964.0,17000000.0,16696933.0,18457963.6,17000000.4,3694,632.0,2026-04-22T02:00:00,731,418,14056536.0
19353216.0,17332712.0,18619966.0,19353215.8,17332711.0,3896,343.0,2026-04-21T02:00:00,731,356,17000002.0
20412300.0,17486688.0,19353218.0,20412299.7,17000002.5,3869,33.0,2026-04-20T02:00:00,726,325,17000002.0
24000002.0,17000000.0,,15256204.8,13818451.4,3463,266.0,2026-04-19T02:00:00,706,333,13818451.0
15256208.0,13818449.0,15104859.0,15104859.3,13742768.6,3113,524.0,2026-04-18T02:00:00,663,342,13742768.0
15818822.0,13742768.0,15104859.0,15818822.4,13633498.3,2988,538.0,2026-04-17T02:00:00,653,367,13633498.0
16274345.0,15555558.0,15818824.0,16274345.4,15555557.6,2877,357.0,2026-04-16T02:00:00,683,346,13244589.0
16274347.0,15555558.0,16137775.0,16274346.5,15555556.3,2796,293.0,2026-04-15T02:00:00,677,332,15555556.0
16005331.0,15617427.0,15885945.0,15966540.5,15617427.2,3245,360.0,2026-04-14T02:00:00,729,300,15555556.0
16274348.0,15644032.0,16048432.0,16205559.8,15617425.1,3246,284.0,2026-04-13T02:00:00,735,312,15617425.0
16575523.0,16019380.0,16205558.0,16476615.1,15586467.5,3136,252.0,2026-04-12T02:00:00,716,321,15586468.0
16575524.0,15635919.0,16173738.0,16173738.5,15555556.0,3070,275.0,2026-04-11T02:00:00,715,307,15555556.0
16575524.0,16000000.0,16173736.0,16575524.2,13069275.4,2662,221.0,2026-04-10T02:00:00,727,304,13069275.0
19038400.0,13679464.0,,,12518174.0,1879,,2026-04-09T02:00:00,734,340,12518174.0
19000000.0,12518166.0,,14999998.5,12518157.7,1062,747.0,2026-04-08T02:00:00,726,435,12518158.0
15000000.0,12628005.0,12890771.0,12890771.4,12152654.7,501,1638.0,2026-04-07T02:00:00,676,493,12152655.0
12890771.0,12152654.0,12813075.0,12890770.9,12113804.6,505,1780.0,2026-04-06T02:00:00,661,491,12113805.0
12890771.0,12224619.0,12600000.0,12890769.7,12072909.6,437,1804.0,2026-04-05T02:00:00,706,489,12072910.0
12890772.0,12113799.0,12735375.0,12890771.9,12072905.1,392,1779.0,2026-04-04T02:00:00,705,471,12072905.0
13194820.0,12128999.0,12890772.0,13194819.6,12072903.1,400,1644.0,2026-04-03T02:00:00,681,454,12072903.0
15779989.0,12090002.0,13194822.0,15779989.3,12000000.1,326,1266.0,2026-04-02T02:00:00,650,389,12000000.0
16471992.0,15800000.0,15500003.0,16471992.2,15500005.8,2022,603.0,2026-04-01T02:00:00,698,276,15500003.0
16999918.0,15800000.0,16687995.0,16759999.3,15500002.4,1933,209.0,2026-03-31T02:00:00,724,219,15500002.0
16999998.0,15500001.0,16632300.0,16999997.7,15065121.7,1480,140.0,2026-03-30T02:00:00,745,217,15065122.0
17000000.0,15065119.0,15701655.0,15701655.3,14856083.6,1227,206.0,2026-03-29T02:00:00,754,225,14856083.0
15999997.0,14856082.0,15570286.0,15999996.2,14414352.6,1005,202.0,2026-03-28T02:00:00,750,249,14414353.0
15999999.0,14330897.0,15634715.0,15999998.5,13878278.6,746,184.0,2026-03-27T02:00:00,743,227,13878279.0
15999999.0,13766608.0,15529810.0,15999998.8,13395076.8,541,43.0,2026-03-26T02:00:00,746,258,13395077.0
16000000.0,14000000.0,15696173.0,15999999.2,12961738.8,316,53.0,2026-03-25T02:00:00,701,276,12961739.0
16000000.0,12961739.0,13750000.0,13750000.0,12849568.7,2046,87.0,2026-03-24T02:00:00,657,248,12849569.0
13750000.0,12849569.0,13406793.0,13406793.4,12849566.0,1938,572.0,2026-03-23T02:00:00,628,245,12849566.0
13479008.0,12849566.0,13200000.0,13331355.0,12718857.8,1769,708.0,2026-03-22T02:00:00,598,224,12718858.0
13399411.0,12752885.0,13270105.0,13399410.5,12718856.9,1765,710.0,2026-03-21T02:00:00,626,211,12718857.0
13479008.0,12718856.0,13329195.0,13329194.8,12649027.7,1733,729.0,2026-03-20T02:00:00,622,217,12649028.0
13479008.0,12690531.0,13329194.0,13479006.9,12690530.1,1958,674.0,2026-03-19T02:00:00,626,194,12690530.0
13479008.0,13000000.0,13400159.0,13479007.8,12649029.8,1985,625.0,2026-03-18T02:00:00,643,190,12649030.0
13479008.0,12649030.0,13479007.0,13479007.3,12460007.4,1789,710.0,2026-03-17T02:00:00,633,204,12460007.0
13479997.0,12511004.0,13377108.0,13479995.4,12460004.2,1729,521.0,2026-03-16T02:00:00,651,196,12460004.0
13489999.0,12511002.0,13479994.0,13489999.0,12460000.8,1634,501.0,2026-03-15T02:00:00,650,212,12460001.0
13500000.0,12455001.0,13389736.0,13499999.6,11250007.6,1448,295.0,2026-03-14T02:00:00,611,229,11250008.0
13271009.0,12500000.0,12600000.0,13271008.9,11250000.3,1282,296.0,2026-03-13T02:00:00,606,239,11250000.0
13500000.0,11210100.0,13064918.0,13500000.0,11210092.7,970,295.0,2026-03-12T02:00:00,590,251,11210092.0
13499999.0,11210092.0,12490000.0,12799999.3,10999538.6,635,377.0,2026-03-11T02:00:00,613,257,10999538.0
12800000.0,11089554.0,12000000.0,12799999.9,10805015.9,385,373.0,2026-03-10T02:00:00,643,286,10805016.0
12800000.0,10800000.0,10900000.0,11349738.8,10700008.8,243,380.0,2026-03-09T02:00:00,641,328,10700008.0
11349739.0,10732494.0,11284763.0,11349735.9,10700007.6,190,513.0,2026-03-08T02:00:00,633,322,10700008.0
11349736.0,11000000.0,11349734.0,11349734.7,11000000.0,573,476.0,2026-03-07T02:00:00,681,310,10700004.0
11349736.0,10732489.0,11284762.0,11349735.9,10700002.4,567,412.0,2026-03-06T02:00:00,715,332,10700002.0
11466839.0,10700002.0,11349737.0,11466839.3,10234214.8,454,339.0,2026-03-05T02:00:00,770,333,10234215.0
11466842.0,10234210.0,11343576.0,11343576.3,10234193.8,146,410.0,2026-03-04T02:00:00,753,329,10234194.0
11755989.0,10310281.0,11343578.0,11755989.2,10234190.5,4558,2722.0,2026-03-03T02:00:00,782,322,10234190.0
11755999.0,10234190.0,11580399.0,11580399.5,10000003.1,4485,2365.0,2026-03-02T02:00:00,777,314,10000003.0
11999999.0,10050002.0,10999999.0,11999998.9,9578023.5,4300,2093.0,2026-03-01T02:00:00,808,372,9578024.0
12000000.0,9814165.0,10219995.0,10219994.7,9500012.6,4068,1914.0,2026-02-28T02:00:00,831,421,9500013.0
10219995.0,9500013.0,10219995.0,10219994.9,9500011.5,4068,1918.0,2026-02-28T00:00:00,832,429,9500012.0
10219996.0,9536005.0,9925150.0,10219995.5,9500006.2,3995,1900.0,2026-02-26T02:00:00,834,424,9500006.0
10299995.0,9500007.0,10219995.0,10299994.5,9500005.3,3988,1903.0,2026-02-25T02:00:00,836,473,9500005.0
10299997.0,9540004.0,10219996.0,10299996.4,9500002.8,3925,1888.0,2026-02-24T02:00:00,807,515,9500003.0
10299999.0,10061250.0,9999999.0,10274999.1,10050000.2,5855,1812.0,2026-02-23T02:00:00,842,506,9500000.0
10300000.0,10074377.0,10274999.0,10299999.6,10050001.4,5904,1768.0,2026-02-22T02:00:00,839,456,10050001.0
10056498.0,10056000.0,9999992.0,9999991.6,8826760.9,5177,4315.0,2026-02-21T02:00:00,759,438,8826761.0
10199996.0,9200000.0,9221590.0,9279541.2,8700000.5,4363,5898.0,2026-02-20T02:00:00,716,452,8700000.0
9405710.0,8207168.5,9165999.0,9405709.8,8077675.3,4097,6130.0,2026-02-19T02:00:00,743,452,8077675.5
10006518.0,8000009.5,9485906.0,10006517.6,7200002.1,3310,5971.0,2026-02-18T02:00:00,726,420,7200002.0
10088629.0,9673984.0,9973266.0,10088628.7,9656481.1,4438,5863.0,2026-02-17T02:00:00,726,381,9656481.0
10190000.0,9691666.0,10062236.0,10062236.6,9691664.0,4389,5804.0,2026-02-16T02:00:00,685,380,9656481.0
10199999.0,9763871.0,10100000.0,10181651.5,9763870.7,4449,5639.0,2026-02-15T02:00:00,690,390,9691663.0
10293254.0,9763871.0,10139874.0,10293253.8,9691663.1,4459,4624.0,2026-02-14T02:00:00,731,366,9691663.0
10360105.0,9721742.0,10233096.0,10360104.6,9691662.5,4418,4425.0,2026-02-13T02:00:00,725,371,9691662.0
10360110.0,9691662.0,10289747.0,10360109.7,9656479.8,4332,4191.0,2026-02-12T02:00:00,708,373,9656480.0
10525170.0,9695569.0,10360110.0,10525169.6,9656476.6,4129,4001.0,2026-02-11T02:00:00,714,395,9656477.0
10621698.0,9656476.0,10525171.0,10621697.8,9656465.4,3898,3944.0,2026-02-10T02:00:00,750,393,9656465.0
10621716.0,9656466.0,10360130.0,10360129.8,9656458.0,3841,3914.0,2026-02-09T02:00:00,758,396,9656458.0
10728974.0,9710081.0,10226433.0,10728974.0,9656453.4,3633,3717.0,2026-02-08T02:00:00,752,405,9656453.0
10728976.0,10000000.0,10556079.0,10556079.2,9000005.5,3443,3957.0,2026-02-07T02:00:00,759,434,9000005.0
10728976.0,10036459.0,9499992.0,10728976.3,10000010.8,2983,3945.0,2026-02-06T02:00:00,744,436,6001000.0
10809973.0,10050000.0,10656079.0,10809972.8,10000010.0,3392,3768.0,2026-02-05T02:00:00,753,494,10000010.0
10899976.0,10045006.0,10728982.0,10899974.8,10000006.7,3342,3592.0,2026-02-04T02:00:00,790,504,10000007.0
10899977.0,10045002.0,10899974.0,10899976.4,10000003.3,3210,3576.0,2026-02-03T02:00:00,787,513,10000003.0
10899982.0,10000002.0,10809981.0,10899981.8,10000001.0,3135,3485.0,2026-02-02T02:00:00,793,498,10000001.0
10899983.0,10045000.0,10809985.0,10899983.2,10000001.0,3061,3468.0,2026-02-01T02:00:00,830,493,10000000.0
10899986.0,10000001.0,10500000.0,10899985.1,10000000.9,2965,3559.0,2026-01-31T02:00:00,808,544,10000000.0
11687368.0,10538947.0,10809987.0,11572524.0,10538944.8,3584,3326.0,2026-01-30T02:00:00,815,512,10000000.0
11814984.0,11100000.0,11628635.0,11814984.0,10538938.5,3465,2756.0,2026-01-29T02:00:00,824,451,10538937.0
11956775.0,10609828.0,11500000.0,11956775.3,10538937.4,3414,2700.0,2026-01-28T02:00:00,798,413,10538935.0
12289377.0,10617704.0,11956776.0,11956789.5,10538920.6,3318,1699.0,2026-01-27T02:00:00,800,389,10538921.0
12700000.0,10540000.0,11619197.0,11619197.3,10538905.5,3185,1186.0,2026-01-26T02:00:00,810,395,10538905.0
11619198.0,10555001.0,11424193.0,11424193.2,10538899.6,3105,1688.0,2026-01-25T02:00:00,770,397,10538900.0
11619196.0,10644229.0,11341066.0,11619196.0,10592915.9,3164,1559.0,2026-01-24T02:00:00,796,344,10538899.0
11619199.0,10592915.0,11516567.0,11619194.7,10538897.5,3229,1357.0,2026-01-23T02:00:00,856,367,10538898.0
11413934.0,10800000.0,11326429.0,11413933.9,10701214.6,3346,1443.0,2026-01-22T02:00:00,870,389,10538897.0
11413935.0,10701215.0,11247676.0,11413935.0,10538897.2,3264,1381.0,2026-01-21T02:00:00,877,462,10538897.0
11619194.0,10587509.0,11505474.0,11505474.5,10482031.9,3176,1249.0,2026-01-20T02:00:00,891,512,10482032.0
11619198.0,10482031.0,11403134.0,11619196.6,10482022.6,2985,1208.0,2026-01-19T02:00:00,933,520,10482023.0
12240000.0,10497615.0,11612554.0,12239999.6,10415512.4,2782,955.0,2026-01-18T02:00:00,1043,511,10415512.0
11724716.0,11000004.0,11552241.0,11724713.7,10974578.7,3198,929.0,2026-01-17T02:00:00,1075,505,
11649696.0,11004956.0,11500000.0,11582178.7,10974576.9,3174,1385.0,2026-01-16T02:00:00,1062,504,10974576.0
11582182.0,10974578.0,11521418.0,11582181.8,10974576.5,3182,1367.0,2026-01-15T02:00:00,1063,556,10974576.0
11808065.0,11008332.0,11649694.0,11808064.6,10974577.9,3262,1291.0,2026-01-14T02:00:00,1093,484,10974575.0
12244958.0,11031744.0,12009294.0,12244957.2,10907709.0,3184,1032.0,2026-01-13T02:00:00,1087,440,10907709.0
12409596.0,11157216.0,10976322.0,12409596.1,10763223.4,2559,1008.0,2026-01-12T02:00:00,1080,446,10763223.0
12409596.0,10763223.0,11499986.0,11499990.3,10683622.3,2504,1346.0,2026-01-11T02:00:00,1044,435,10683622.0
11499996.0,10724439.0,11254855.0,11499995.5,10595421.4,2357,1256.0,2026-01-10T02:00:00,1068,442,10595421.0
12409603.0,10595420.0,10400000.0,12399999.5,10171154.6,2020,982.0,2026-01-09T02:00:00,1107,419,10171154.0
12452405.0,12068563.0,12409604.0,12452405.2,12048487.0,3234,861.0,2026-01-08T02:00:00,1135,358,11145002.0
12497291.0,12070926.0,12402546.0,12497290.6,11500000.4,3063,840.0,2026-01-07T02:00:00,1150,375,11500000.0
12999998.0,11145004.0,10800000.0,11199999.5,10262186.3,2606,729.0,2026-01-06T02:00:00,1148,435,10262186.0
11200000.0,11000000.0,10925349.0,11199999.4,10117001.8,2182,705.0,2026-01-05T02:00:00,1154,541,10117002.0
11999997.0,10000000.0,10558791.0,11999997.0,9326555.7,1611,797.0,2026-01-04T02:00:00,1116,586,9326556.0
12000000.0,9400000.0,10559302.0,10871233.0,9191798.4,1269,800.0,2026-01-03T02:00:00,1102,616,9191798.0
11067661.0,9191797.0,10703289.0,11067659.7,9103390.6,961,1436.0,2026-01-02T02:00:00,1053,637,9103391.0
11408514.0,9103386.0,10000000.0,11408513.1,8000001.3,270,1322.0,2026-01-01T02:00:00,1041,627,8000001.5
11886622.0,11000000.0,10000000.0,11886621.6,10866258.5,3612,1167.0,2025-12-31T02:00:00,1044,616,3650000.0
12244601.0,11174739.0,11900000.0,12244600.3,11118431.5,4421,745.0,2025-12-30T02:00:00,1090,559,10866257.0
12908382.0,12110990.0,12369734.0,12904999.7,12097367.6,4709,629.0,2025-12-29T02:00:00,1096,440,11118430.0
12908385.0,12860000.0,12754291.0,12908384.5,12097366.4,4671,579.0,2025-12-28T02:00:00,1101,382,12097366.0
12998501.0,12097366.0,12827282.0,12908385.8,12097356.1,4501,606.0,2025-12-27T02:00:00,1102,343,12097356.0
12998504.0,12084503.0,12454992.0,12998503.8,12049926.1,4578,583.0,2025-12-26T02:00:00,1115,358,12049926.0
13452622.0,12500000.0,12831486.0,13452622.5,11118429.3,4417,480.0,2025-12-25T02:00:00,1110,387,11118429.0
13999999.0,12000000.0,11500000.0,13000000.0,10258772.3,3730,72.0,2025-12-24T02:00:00,1068,474,10258772.0
12001217.0,10258766.0,11000000.0,12001216.9,9397053.5,2586,2754.0,2025-12-23T02:00:00,1028,588,9397054.0
12001219.0,9512238.0,10832150.0,10832149.9,9397034.6,1817,2731.0,2025-12-22T02:00:00,988,714,9397034.0
10994088.0,9405131.0,9946438.0,10110839.7,9245558.7,1125,3870.0,2025-12-21T02:00:00,1065,813,9245559.0
10110842.0,9245560.0,9946435.0,10110841.7,9245545.5,427,3917.0,2025-12-20T02:00:00,1136,832,9245546.0
10110849.0,10000000.0,9500000.0,10110848.0,9308502.2,56,3889.0,2025-12-19T02:00:00,1157,796,9000000.0
11187886.0,9337204.0,10000000.0,11187885.9,9250000.8,103,3301.0,2025-12-18T02:00:00,1165,766,9250000.0
12540099.0,12001002.0,11187888.0,12540099.2,12001001.0,55,2721.0,2025-12-17T02:00:00,1193,663,9000000.0
13422489.0,12547075.0,13074999.0,13422488.9,12501001.1,149,1774.0,2025-12-16T02:00:00,1160,540,12251001.0
14278287.0,13439711.0,13616224.0,14278287.3,13439711.3,907,579.0,2025-12-15T02:00:00,1191,413,12702856.0
14278289.0,13547359.0,13666665.0,14278289.4,13439714.4,1712,506.0,2025-12-14T02:00:00,1115,361,13439714.0
14474999.0,13700000.0,14191112.0,14367098.9,13396005.6,1519,321.0,2025-12-13T02:00:00,1007,373,13396005.0
14748996.0,13439807.0,14175160.0,14748995.7,13301327.7,1149,214.0,2025-12-12T02:00:00,933,420,13301327.0
14749000.0,13301325.0,14413066.0,14748993.6,12980931.8,868,135.0,2025-12-11T02:00:00,904,483,12980932.0
14748993.0,13139455.0,13999997.0,13999998.3,12767721.9,593,166.0,2025-12-10T02:00:00,848,505,12767722.0
13999998.0,12829334.0,13750000.0,13999998.1,12702855.6,317,166.0,2025-12-09T02:00:00,837,529,12702856.0
13999998.0,12696405.0,13747379.0,13871023.6,12501002.5,149,329.0,2025-12-08T02:00:00,816,590,12501002.0
13999999.0,13300000.0,13300000.0,13999998.5,12575951.5,119,268.0,2025-12-07T02:00:00,813,546,12501001.0
14249999.0,13450000.0,13400000.0,14249998.6,13355738.8,2713,1200.0,2025-12-06T02:00:00,832,508,12501001.0
14749999.0,13355743.0,14609667.0,14749999.3,13355738.3,4125,678.0,2025-12-05T02:00:00,864,476,13355738.0
15057020.0,14171397.0,14951248.0,15057020.2,14171396.4,4883,449.0,2025-12-04T02:00:00,846,442,13999406.0
15057037.0,14171396.0,14963811.0,15057037.4,14124783.1,4858,149.0,2025-12-03T02:00:00,887,434,14124783.0
15281788.0,14171396.0,14963818.0,15281787.7,14070262.8,4796,88.0,2025-12-02T02:00:00,923,430,14070263.0
15748791.0,14078129.0,15274705.0,15748790.4,13999406.4,4534,50.0,2025-12-01T02:00:00,933,373,13999406.0
15999999.0,13907333.0,15319234.0,15999999.0,13355738.3,4126,13.0,2025-11-30T02:00:00,873,392,13355738.0
16000000.0,13487951.0,15999999.0,15999999.5,13355737.2,4074,11.0,2025-11-30T00:00:00,871,393,13355737.0
13999798.0,13400615.0,13730272.0,13816133.8,13331493.2,3953,993.0,2025-11-28T02:00:00,787,450,13331492.0
13999800.0,13331493.0,13869983.0,13999799.6,12757775.1,3952,918.0,2025-11-27T02:00:00,772,509,12757775.0
13999800.0,12812652.0,13732527.0,13732527.3,12627146.1,3446,969.0,2025-11-26T02:00:00,737,580,12627146.0
13999000.0,12627144.0,13750000.0,13856069.3,12562494.0,3089,906.0,2025-11-25T02:00:00,721,594,12562494.0
13500000.0,12562492.0,13095469.0,13095468.7,12523238.2,2185,927.0,2025-11-24T02:00:00,667,586,12523238.0
13599999.0,12523238.0,12750000.0,13599998.3,12523233.6,1933,871.0,2025-11-23T02:00:00,731,577,12523234.0
13600000.0,12547070.0,12772613.0,12831111.3,12523230.6,1827,1027.0,2025-11-22T02:00:00,743,545,12523230.0
12994965.0,12523231.0,12831111.0,12994964.9,12501002.3,1865,934.0,2025-11-21T02:00:00,785,501,12501001.0
15300000.0,13983114.0,12994967.0,15300000.0,13983114.4,3077,505.0,2025-11-20T02:00:00,818,418,12501001.0
15899999.0,15147406.0,15672266.0,15899999.4,15075013.7,3738,439.0,2025-11-19T02:00:00,816,347,13900000.0
16685838.0,16000000.0,15900000.0,16685837.5,15000003.5,3406,277.0,2025-11-18T02:00:00,828,333,15000004.0
16999994.0,16000000.0,16666666.0,16999994.6,13858482.9,3005,49.0,2025-11-17T02:00:00,885,350,13858483.0
16999998.0,13858480.0,13473419.0,13526022.1,12613694.6,2315,61.0,2025-11-16T02:00:00,868,376,12613694.0
13526022.0,12613694.0,13526020.0,13526022.1,12565669.7,2097,85.0,2025-11-15T02:00:00,856,391,12565670.0
13526022.0,13200000.0,13405663.0,13498996.9,12565663.8,1819,158.0,2025-11-14T02:00:00,861,421,12565664.0
13499000.0,12565661.0,13216914.0,13216914.7,12516537.5,1607,145.0,2025-11-13T02:00:00,802,457,12516537.0
13381203.0,12516539.0,13027113.0,13381198.9,12516537.3,1642,121.0,2025-11-12T02:00:00,799,446,12516537.0
13526023.0,12516538.0,13250870.0,13526023.1,12077854.2,1588,41.0,2025-11-11T02:00:00,813,428,12077854.0
13526026.0,12077853.0,13349348.0,13498999.3,12002500.5,1375,494.0,2025-11-10T02:00:00,768,461,12002500.0
13526026.0,12002002.0,12780811.0,12963493.0,12002001.6,1309,709.0,2025-11-09T02:00:00,743,427,12000000.0
12963496.0,12050076.0,12780811.0,12963496.5,12050076.3,1312,1008.0,2025-11-08T02:00:00,727,411,12002001.0
13526027.0,12988489.0,13415781.0,13526026.9,12988488.9,2230,680.0,2025-11-07T02:00:00,696,370,12831895.0
13999981.0,13276000.0,13526030.0,13999981.0,12988489.0,2269,287.0,2025-11-06T02:00:00,705,361,12988489.0
13999993.0,12988489.0,13185310.0,13207179.5,12988486.9,2232,190.0,2025-11-05T02:00:00,689,348,12988486.0
13894569.0,13029047.0,13207178.0,13894568.6,12945791.0,2168,290.0,2025-11-04T02:00:00,664,389,12945791.0
13999997.0,12993229.0,13894572.0,13894573.1,12993229.1,2160,80.0,2025-11-03T02:00:00,665,329,12945789.0
13894574.0,12993230.0,13799694.0,13799694.2,12945789.1,2145,100.0,2025-11-02T02:00:00,715,329,12945789.0
13999998.0,13000000.0,13714304.0,13999997.9,12945786.5,1976,73.0,2025-11-01T02:00:00,718,318,12945786.0
13999999.0,12831896.0,13377141.0,13508581.2,12800007.3,1884,86.0,2025-10-31T02:00:00,768,338,12800007.0
13587313.0,12800008.0,12999999.0,13587312.5,12800006.2,1821,114.0,2025-10-30T02:00:00,797,312,12800006.0
13674794.0,12843744.0,13333333.0,13674793.6,12800003.6,1707,105.0,2025-10-29T02:00:00,815,342,12800004.0
13999999.0,13000000.0,13602792.0,13602792.0,13000000.1,1504,80.0,2025-10-28T02:00:00,791,344,12800000.0
13999999.0,12800000.0,13691990.0,13999998.9,12035005.2,1304,58.0,2025-10-27T02:00:00,784,402,12035005.0
14000000.0,12035003.0,12700000.0,13731171.4,11688427.9,616,76.0,2025-10-26T02:00:00,789,431,11688428.0
12729421.0,11688428.0,12625317.0,12729420.6,11688423.5,415,1509.0,2025-10-25T02:00:00,787,439,11688423.0
12729419.0,12000000.0,12521217.0,12729418.6,11633631.2,325,2012.0,2025-10-24T02:00:00,766,424,11633631.0
12999993.0,11633632.0,12729418.0,12999993.4,11575953.5,291,1879.0,2025-10-23T02:00:00,737,474,11575953.0
13486034.0,11647155.0,12864712.0,13486034.3,11501003.1,261,1729.0,2025-10-22T02:00:00,731,450,11501002.0
13731170.0,12826672.0,13287533.0,13731169.6,12826671.3,461,1213.0,2025-10-21T02:00:00,802,419,11501001.0
13900799.0,13052731.0,13731171.0,13900799.0,13052730.0,489,351.0,2025-10-20T02:00:00,814,371,13008093.0
14596846.0,13095133.0,13811537.0,14596845.7,13008092.1,416,60.0,2025-10-19T02:00:00,769,348,13008092.0
15000000.0,12935338.0,13850459.0,14298980.0,12668078.3,182,59.0,2025-10-18T02:00:00,744,350,12668078.0
13990000.0,12705143.0,12903268.0,12927958.1,12681071.1,166,106.0,2025-10-17T02:00:00,743,397,12668076.0
13864417.0,12734179.0,12927957.0,13864416.9,12734177.4,269,77.0,2025-10-16T02:00:00,721,352,12668076.0
13990000.0,12668080.0,13738834.0,13979247.1,12668075.2,337,154.0,2025-10-15T02:00:00,756,357,12668075.0
13742575.0,12699287.0,13292309.0,13292310.2,12668075.1,264,571.0,2025-10-14T02:00:00,725,361,12668074.0
13292310.0,12668076.0,13173703.0,13292310.5,12668074.3,228,575.0,2025-10-13T02:00:00,721,369,12668074.0
13292312.0,12733636.0,13173706.0,13292311.9,12733635.7,1296,507.0,2025-10-12T02:00:00,702,358,12668073.0
13499999.0,12733638.0,13354388.0,13499998.9,12733634.4,1271,419.0,2025-10-11T02:00:00,713,376,12733634.0
13979245.0,13000000.0,13423363.0,13979245.2,12733633.2,1802,220.0,2025-10-10T02:00:00,716,328,12733633.0
13979249.0,12733632.0,13841951.0,13979248.5,12606288.0,1952,158.0,2025-10-09T02:00:00,738,318,12606288.0
13159504.0,12900000.0,13159502.0,13159503.2,12456083.0,1784,143.0,2025-10-08T02:00:00,723,305,12456083.0
13159504.0,12456083.0,13085460.0,13159503.9,12339065.2,1672,335.0,2025-10-07T02:00:00,721,298,12339065.0
13362085.0,12349191.0,13077461.0,13362085.3,12295879.9,1595,292.0,2025-10-06T02:00:00,732,278,12295880.0
13619115.0,12295880.0,13243618.0,13619115.0,12160598.4,1500,324.0,2025-10-05T02:00:00,761,285,12160598.0
13979250.0,12178602.0,13619116.0,13979249.2,12083828.9,1350,163.0,2025-10-04T02:00:00,756,298,12083829.0
13979250.0,12083827.0,13979248.0,13979247.7,11879052.4,982,173.0,2025-10-03T02:00:00,729,315,11879052.0
14421871.0,12000000.0,13500000.0,14421871.1,11018728.3,457,41.0,2025-10-02T02:00:00,730,340,11018728.0
14800000.0,11067788.0,11750000.0,11999999.7,10882491.4,670,3306.0,2025-10-01T02:00:00,720,352,10882491.0
11729566.0,10923364.0,11636699.0,11636699.4,10920197.8,456,4924.0,2025-09-30T02:00:00,701,389,10882486.0
11636699.0,11600000.0,11500000.0,11636699.0,10801003.4,398,5030.0,2025-09-29T02:00:00,677,468,10801003.0
11729557.0,11300000.0,11553129.0,11729557.4,10801000.0,283,4963.0,2025-09-28T02:00:00,657,501,10801000.0
11729559.0,10972839.0,11500000.0,11729559.1,10972839.2,251,4912.0,2025-09-27T02:00:00,663,498,10800500.0
11729560.0,10972838.0,11578215.0,11729559.6,10846955.5,232,4869.0,2025-09-26T02:00:00,675,580,10846956.0
11729563.0,11299137.0,11636654.0,11729561.9,11046617.6,228,4871.0,2025-09-25T02:00:00,660,587,10800500.0
11832852.0,11010673.0,11636608.0,11832852.4,10800001.9,82,4702.0,2025-09-24T02:00:00,661,607,10800002.0
11832862.0,11041643.0,11500000.0,11832862.5,11000000.0,68,4198.0,2025-09-23T02:00:00,645,592,10800000.0
11917571.0,11070632.0,11832877.0,11917570.9,11070631.4,191,3673.0,2025-09-22T04:00:00,674,527,11070631.0
12649994.0,11087202.0,12016630.0,12649994.4,11026054.0,95,3121.0,2025-09-21T02:00:00,728,493,11026054.0
12809987.0,12000005.0,12341449.0,12809987.4,12000003.8,99,2394.0,2025-09-20T02:00:00,803,527,11026053.0
13716699.0,12833276.0,12809991.0,13716699.1,12833275.3,221,1094.0,2025-09-19T02:00:00,830,489,12000004.0
13934866.0,12800001.0,13716700.0,13934866.2,12595790.2,218,221.0,2025-09-18T02:00:00,847,485,12595790.0
14248989.0,12595789.0,13934868.0,14248989.2,12417183.1,263,399.0,2025-09-17T04:00:00,851,480,12417183.0
14248999.0,12320772.0,14035343.0,14248999.3,11026064.9,432,94.0,2025-09-16T04:00:00,859,484,11026065.0
14249000.0,11026063.0,11474747.0,12494949.0,11026050.7,229,130.0,2025-09-15T04:00:00,836,539,11026051.0
12812841.0,11026050.0,11529995.0,11529995.3,10932003.4,50,348.0,2025-09-14T02:00:00,812,580,10932003.0
11670266.0,10932006.0,11416375.0,11670266.3,10932005.8,87,299.0,2025-09-13T02:00:00,725,521,10932003.0
11944715.0,11212010.0,11752297.0,11944715.2,11173446.6,568,2219.0,2025-09-12T02:00:00,731,452,10932005.0
12479606.0,11173446.0,11944716.0,12479606.5,11173442.5,548,1982.0,2025-09-11T02:00:00,713,413,11173442.0
12812829.0,11173442.0,12000000.0,12812828.6,10932002.8,138,1502.0,2025-09-10T02:00:00,685,391,10932002.0
12974307.0,12124504.0,12744006.0,12974306.5,12124504.1,97,921.0,2025-09-09T02:00:00,697,375,10932000.0
13317332.0,12400002.0,12974308.0,13317331.5,12400000.5,196,634.0,2025-09-08T02:00:00,740,333,12124504.0
14253449.0,12479924.0,13419260.0,14253449.0,12124506.7,201,346.0,2025-09-07T02:00:00,758,311,12124507.0
14497199.0,12124505.0,13663906.0,14497198.9,12000000.8,115,38.0,2025-09-06T02:00:00,780,318,12000001.0
14497200.0,12000000.0,11891188.0,11997774.2,10931902.7,503,1596.0,2025-09-05T02:00:00,763,346,10931903.0
11997774.0,11100000.0,11891186.0,11997773.6,10931899.3,386,1615.0,2025-09-04T02:00:00,820,369,10931899.0
11997775.0,10985192.0,11997766.0,11997766.3,10931896.5,469,1576.0,2025-09-03T02:00:00,860,382,10931896.0
11997768.0,10985190.0,11885570.0,11997767.5,10816739.6,288,1590.0,2025-09-02T02:00:00,877,396,10816740.0
11997774.0,10816743.0,11997767.0,11997774.3,10689140.4,98,1551.0,2025-09-01T02:00:00,844,381,10689140.0
11997774.0,10689140.0,11997774.0,11997773.8,10689140.1,93,1566.0,2025-09-01T00:00:00,838,379,10689140.0
11997777.0,10841113.0,11000000.0,11399997.6,10748141.5,1519,1525.0,2025-08-30T02:00:00,775,367,10620259.0
11493770.0,10815819.0,11203550.0,11422899.4,10785071.8,1708,1264.0,2025-08-29T02:00:00,780,384,10748141.0
11998993.0,10785072.0,11486752.0,11998993.0,10547691.9,1482,889.0,2025-08-28T02:00:00,756,400,10547692.0
11998998.0,10547691.0,11998994.0,11998998.0,10306258.8,1291,274.0,2025-08-27T02:00:00,750,537,10306258.0
11999000.0,10874195.0,10874794.0,10874794.4,10265795.2,1299,306.0,2025-08-26T02:00:00,766,524,10265795.0
10874794.0,10296245.0,10807315.0,10874794.1,10200000.1,1354,404.0,2025-08-25T02:00:00,753,524,10200000.0
10874794.0,10043749.0,10791689.0,10874793.6,10043746.4,1233,417.0,2025-08-24T02:00:00,749,563,10043746.0
10874794.0,10085297.0,10874794.0,10874793.9,10000008.0,1371,436.0,2025-08-23T02:00:00,761,565,10000004.0
10874794.0,10000009.0,10787315.0,10787314.7,10000003.4,1174,455.0,2025-08-22T02:00:00,766,535,10000003.0
10708574.0,10035432.0,10637716.0,10708574.4,10035431.1,1163,607.0,2025-08-21T02:00:00,779,503,10000002.0
11079998.0,10035430.0,10708578.0,11079998.0,9542861.8,1809,327.0,2025-08-20T02:00:00,777,380,9477341.0
11079997.0,9542860.0,10173515.0,10538417.4,9477349.1,1252,465.0,2025-08-19T02:00:00,791,431,9477349.0
10787313.0,9477348.0,10656314.0,10787312.8,9408389.1,795,378.0,2025-08-18T02:00:00,784,450,9408389.0
11079997.0,10514366.0,10787313.0,11079997.1,10000003.6,1277,323.0,2025-08-17T02:00:00,890,432,9408387.0
11496766.0,10060001.0,10500000.0,11496765.6,9408384.9,756,190.0,2025-08-16T02:00:00,919,441,9408385.0
11496000.0,9408383.0,9999999.0,10508175.6,9272278.7,465,255.0,2025-08-15T02:00:00,922,488,9272279.0
10820142.0,9272278.0,10334251.0,10474309.8,9073722.3,639,2024.0,2025-08-14T02:00:00,884,555,9073722.0
11774186.0,11000004.0,10334253.0,11774186.2,11000004.3,279,1947.0,2025-08-13T02:00:00,880,638,7800002.0
11919691.0,11277450.0,11774188.0,11919691.2,11000018.7,781,1651.0,2025-08-12T02:00:00,857,697,11000005.0
12401777.0,11000018.0,11919693.0,12401776.4,11000004.5,722,919.0,2025-08-11T02:00:00,895,688,11000004.0
12401782.0,11200000.0,10124592.0,10193993.5,9500001.2,636,3554.0,2025-08-10T02:00:00,815,641,9500001.0
11199995.0,9500001.0,10186794.0,11199995.4,6666670.1,122,3050.0,2025-08-09T02:00:00,803,618,6666670.0
12290306.0,11313756.0,11718944.0,12290306.0,11287098.6,1036,2523.0,2025-08-08T02:00:00,816,572,6666666.5
13046096.0,11519196.0,12290309.0,13046096.2,11472744.1,1075,1734.0,2025-08-07T02:00:00,880,525,11287098.0
13434992.0,12058120.0,13162331.0,13434991.6,12000003.1,1226,1087.0,2025-08-06T02:00:00,944,445,12000002.0
14424094.0,12850006.0,13434992.0,14424093.6,12850004.8,1564,587.0,2025-08-05T02:00:00,963,353,12000002.0
14609998.0,12938002.0,13500000.0,14609998.5,12000008.7,1389,344.0,2025-08-04T02:00:00,995,356,12000008.0
14900000.0,12000006.0,14114098.0,14899999.9,11700001.9,1125,217.0,2025-08-03T02:00:00,985,416,11700002.0
14999999.0,12150000.0,12828707.0,12999998.7,11287094.4,838,92.0,2025-08-02T02:00:00,961,453,11287094.0
13000000.0,11500000.0,12466324.0,12466323.6,11102036.7,512,95.0,2025-08-01T02:00:00,943,504,11102037.0
12466324.0,11170250.0,12290932.0,12466313.0,10620091.2,841,1757.0,2025-07-31T02:00:00,889,526,10620091.0
11391094.0,10658639.0,11309931.0,11391089.9,10491825.6,414,2829.0,2025-07-30T02:00:00,869,545,10491826.0
11391096.0,10491824.0,10894449.0,10894448.8,10444489.3,216,3234.0,2025-07-29T02:00:00,871,516,10444489.0
10894447.0,10444490.0,10808952.0,10894446.1,10444489.4,228,4952.0,2025-07-28T02:00:00,875,526,10444489.0
11613150.0,10466988.0,10894447.0,11613150.3,10444489.0,196,3436.0,2025-07-27T02:00:00,878,494,10444489.0
12710000.0,11900004.0,11613154.0,12709999.7,11900002.8,1699,1747.0,2025-07-26T02:00:00,866,454,10273320.0
13257790.0,12242498.0,12907899.0,13257789.7,12242495.8,2751,1038.0,2025-07-25T02:00:00,859,414,12242496.0
13789990.0,12242495.0,13370608.0,13789989.3,12161042.4,2533,643.0,2025-07-24T02:00:00,864,407,12161042.0
14000000.0,12990001.0,13610443.0,13999995.3,11900001.4,2217,490.0,2025-07-23T02:00:00,864,404,11900001.0
14000000.0,11144510.0,11354577.0,11354577.1,10273316.4,1534,766.0,2025-07-22T02:00:00,847,470,10273316.0
11354577.0,10216406.0,10899999.0,10899999.4,10067737.3,1034,1721.0,2025-07-21T02:00:00,810,510,10067737.0
10900000.0,10103675.0,10714672.0,10786553.9,10067732.8,957,1763.0,2025-07-20T02:00:00,801,552,10067733.0
10786554.0,10067734.0,10714671.0,10786554.1,10067731.5,887,1755.0,2025-07-19T02:00:00,825,564,10067732.0
10786554.0,10169366.0,10669288.0,10786554.0,10169364.2,1105,1754.0,2025-07-18T02:00:00,913,537,10169364.0
11015995.0,10700000.0,10786555.0,11015994.4,10169362.8,1024,1646.0,2025-07-17T02:00:00,944,544,10169363.0
11354578.0,10500000.0,11015995.0,11354577.5,8167738.9,559,1417.0,2025-07-16T02:00:00,940,570,8167739.0
12126672.0,11400000.0,11654578.0,12126671.9,11400000.0,4233,1219.0,2025-07-15T02:00:00,932,568,8000000.0
12611039.0,11863247.0,12095763.0,12611038.5,11817565.7,4365,852.0,2025-07-14T02:00:34.477,901,542,11400000.0
13670343.0,12823544.0,12791756.0,13670342.7,12786445.5,4573,577.0,2025-07-13T02:00:34.472,906,491,11817562.0
16799998.0,12786446.0,13896013.0,16799998.0,11392837.6,4262,175.0,2025-07-12T02:00:34.481,923,493,11392838.0
12450000.0,11175332.0,12051068.0,12051068.8,11108241.3,3929,236.0,2025-07-11T02:00:14.595,846,527,11108241.0
11644134.0,11147702.0,11512976.0,11607916.9,11108239.9,3904,912.0,2025-07-10T02:00:14.485,866,530,11108240.0
11644133.0,11281981.0,11300000.0,11644132.4,11281981.2,4670,852.0,2025-07-09T02:00:54.48,883,496,11108240.0
12454207.0,12000000.0,11615482.0,12454207.2,11281979.3,4575,460.0,2025-07-08T02:00:34.469,882,459,11281979.0
12889999.0,11281978.0,12454214.0,12889999.3,11108250.0,4251,183.0,2025-07-07T02:00:14.48,912,413,11108250.0
12890000.0,11750000.0,11500000.0,11838514.8,11144753.9,3977,217.0,2025-07-06T02:00:14.472,916,493,11108240.0
11838514.0,11137816.0,11496336.0,11699760.4,11108239.0,3920,361.0,2025-07-05T02:00:34.503,885,518,11108239.0
12109993.0,11153316.0,11699761.0,12109992.7,11108236.8,3883,325.0,2025-07-04T02:00:14.494,933,546,11108237.0
12110000.0,11108235.0,11998998.0,12109999.5,11000002.5,3762,247.0,2025-07-03T02:00:34.477,870,528,11000001.0
12110000.0,11000001.0,10623660.0,10818041.4,8874237.3,3167,319.0,2025-07-02T02:00:34.47,868,555,8874237.0
10818045.0,8971419.0,10560974.0,10770221.2,8677754.6,2518,308.0,2025-07-01T02:00:34.49,949,599,8677755.0
10770221.0,10000000.0,10203158.0,10770220.7,10000000.5,1689,352.0,2025-06-30T02:00:14.523,916,706,8428524.0
11009939.0,10600000.0,10693198.0,10916445.0,10075008.6,2012,799.0,2025-06-29T02:00:34.548,1009,659,10000005.0
11500000.0,10118311.0,10911684.0,10911684.1,10045589.7,2618,210.0,2025-06-28T02:00:34.564,1114,664,10000005.0
10911685.0,10045588.0,10500000.0,10911684.1,10000001.2,2667,261.0,2025-06-27T02:00:34.458,1140,681,10000001.0
12121000.0,9672522.0,10787770.0,12089154.8,8785442.3,1780,574.0,2025-06-26T02:00:14.546,1388,771,8785442.0
12089155.0,8428526.0,9105130.0,9999999.8,8274370.5,1011,844.0,2025-06-25T02:00:14.488,1416,840,8274370.5
12122438.0,11871699.0,8500000.0,12122438.3,11871698.6,557,765.0,2025-06-24T02:00:14.476,1415,891,
12296338.0,11892934.0,12122439.0,12296337.7,11871702.4,650,605.0,2025-06-23T02:00:14.504,1544,883,11871700.0
12518930.0,11892932.0,12215658.0,12518929.5,11871701.7,604,360.0,2025-06-22T02:00:14.444,1517,902,11871699.0
12759539.0,11903605.0,12327788.0,12759538.1,11838106.4,355,320.0,2025-06-21T02:00:34.472,1488,912,11838106.0
12867312.0,12000000.0,12662546.0,12867311.5,11673173.0,144,290.0,2025-06-20T02:00:34.445,1469,872,11673173.0
13000000.0,11739510.0,12000000.0,11999999.6,11629480.7,1377,1354.0,2025-06-19T02:00:11.81,1354,811,11629481.0
12999994.0,12755135.0,12197891.0,12999994.2,12755134.6,16,738.0,2025-06-18T02:00:31.758,1293,787,5000005.5
13456770.0,12790222.0,12950000.0,13456769.1,12755138.0,2801,481.0,2025-06-17T02:00:24.648,1266,788,12755137.0
13717616.0,12803254.0,13456770.0,13717615.9,12755126.9,2439,263.0,2025-06-16T02:00:04.651,1241,750,12755127.0
13717619.0,12803245.0,13332473.0,13717618.5,12672472.1,2057,191.0,2025-06-15T02:00:24.651,1328,756,12672472.0
13700000.0,12656851.0,13231216.0,13387640.2,12500008.7,1819,196.0,2025-06-14T02:00:04.674,1357,726,12500008.0
13717619.0,12500009.0,12749994.0,12749993.5,11531629.7,1293,218.0,2025-06-13T02:00:04.637,1344,720,11531630.0
13199998.0,12505002.0,11500000.0,13199998.3,12505001.0,266,1026.0,2025-06-12T02:00:24.617,1265,710,5000000.0
13653542.0,13400000.0,13000000.0,13653542.3,13076908.2,402,1022.0,2025-06-11T02:00:04.654,1275,667,12505001.0
14086558.0,13259215.0,13717614.0,14086557.9,13259213.1,458,636.0,2025-06-10T02:00:04.697,1255,577,13076908.0
14499998.0,13364052.0,13974181.0,14499997.7,13216001.2,554,551.0,2025-06-09T02:00:04.638,1223,548,13215664.0
14500000.0,13800000.0,14191566.0,14500000.0,13076908.1,388,543.0,2025-06-08T02:00:24.636,1123,513,13076908.0
13952824.0,13500000.0,13400000.0,13952821.6,13322034.5,361,704.0,2025-06-07T02:05:24.647,1067,516,13002003.0
13952824.0,13900000.0,13790788.0,13952824.4,13100002.4,228,665.0,2025-06-06T02:00:04.614,1079,556,13002003.0
13952825.0,13483765.0,13903449.0,13952824.4,13459077.7,1019,529.0,2025-06-05T02:00:04.626,1083,574,13002001.0
14007688.0,13479074.0,13819016.0,14007687.7,13459078.7,1183,561.0,2025-06-04T02:00:04.639,1095,541,13459077.0
14295254.0,13500885.0,14007691.0,14295252.1,13459076.7,1071,501.0,2025-06-03T02:00:24.934,1175,559,13459076.0
14295253.0,13459077.0,14295252.0,14295253.0,13459076.0,1089,490.0,2025-06-03T00:00:04.637,1180,573,13459076.0
14295257.0,13700000.0,14187191.0,14295256.3,13214599.3,683,662.0,2025-06-01T04:00:24.605,1252,739,13214599.0
14562090.0,13264464.0,13832546.0,13895667.6,13264463.3,439,616.0,2025-05-31T02:00:04.727,1378,738,13072209.0
13895669.0,13285416.0,13626637.0,13895669.2,13284711.8,622,699.0,2025-05-30T02:00:04.629,1395,689,13072209.0
13963563.0,13315263.0,13779594.0,13963562.7,13284717.2,741,572.0,2025-05-29T02:00:04.648,1399,652,13284710.0
14562095.0,13348579.0,14319391.0,14562094.6,13284707.6,535,780.0,2025-05-28T02:00:04.631,1353,668,13284708.0
14562094.0,14062000.0,13963611.0,14062660.0,13072207.8,304,1201.0,2025-05-27T02:00:24.634,1263,616,13072208.0
14735451.0,13185090.0,13970288.0,14562105.9,13002002.3,271,882.0,2025-05-26T02:00:24.609,1208,522,13002002.0
16999996.0,14717357.0,14603324.0,15999998.2,14667356.7,1593,211.0,2025-05-25T02:00:04.655,1146,395,13002001.0
17000000.0,14597214.0,15000000.0,15649999.9,14037168.9,1314,126.0,2025-05-24T02:00:24.626,1109,407,14037168.0
15394780.0,14169536.0,14670870.0,14741279.9,14037162.5,1263,640.0,2025-05-23T02:00:04.633,1075,413,14037162.0
14823641.0,14041279.0,14607497.0,14823640.8,14000101.6,1889,542.0,2025-05-22T02:00:24.633,1059,426,14000101.0
15549749.0,15097505.0,14200000.0,15549748.9,15097504.6,1926,259.0,2025-05-21T02:00:24.65,1157,400,14000100.0
15999996.0,15142626.0,15504525.0,15999996.2,15000001.4,1918,164.0,2025-05-20T02:00:04.879,1182,447,15000001.0
15999998.0,15120000.0,15300000.0,15999996.0,14000047.0,1764,122.0,2025-05-19T02:00:24.598,1170,511,14000047.0
16000000.0,14290000.0,15000000.0,15999998.9,14000017.1,1187,106.0,2025-05-18T02:00:04.723,1199,526,14000017.0
16000000.0,14100016.0,14200000.0,15000000.0,13845780.2,849,119.0,2025-05-17T02:00:04.647,1216,528,13845780.0
15115766.0,13909272.0,14000000.0,15115765.5,13845771.7,533,229.0,2025-05-16T02:00:24.637,1258,527,13845772.0
15999999.0,14289000.0,14988267.0,15999999.0,13840761.2,206,103.0,2025-05-15T02:00:04.603,1277,530,13840761.0
15477937.0,13840761.0,14118753.0,14179902.8,13536227.1,1892,498.0,2025-05-14T02:00:00.344,1279,499,13536227.0
14179904.0,13940188.0,14057604.0,14130896.1,13929379.6,2574,549.0,2025-05-13T02:00:20.373,1294,481,13536227.0
15323077.0,14065276.0,14145545.0,15323076.1,14065275.4,2889,399.0,2025-05-12T02:00:20.306,1315,452,13999072.0
15650000.0,14065273.0,14000000.0,15649999.4,13743487.2,2397,339.0,2025-05-11T02:00:20.335,1259,410,13743487.0
15898000.0,14000000.0,14000000.0,15500000.0,13411921.6,1763,308.0,2025-05-10T02:00:00.356,1203,391,13411921.0
15220572.0,13411917.0,14190223.0,14190223.6,13000007.2,1236,395.0,2025-05-09T02:00:20.322,1128,417,13000007.0
15220570.0,13193067.0,14000000.0,15220570.4,12556854.9,827,292.0,2025-05-08T02:00:20.338,1149,412,12556855.0
15220570.0,12556852.0,14246761.0,15220570.0,12324099.3,224,244.0,2025-05-07T02:00:20.329,1182,437,12324099.0
15899997.0,13693008.0,14000000.0,14464767.4,13693007.5,467,387.0,2025-05-06T02:00:34.466,1163,441,12211419.0
15668894.0,13693010.0,14387592.0,15668894.1,13693007.6,535,236.0,2025-05-05T02:00:14.536,1150,427,13693006.0
15899998.0,13791798.0,14485997.0,14485997.0,13339335.2,389,286.0,2025-05-04T02:00:34.491,1218,500,13339335.0
14599998.0,14000002.0,14268130.0,14599998.2,14000001.7,587,298.0,2025-05-03T02:00:34.466,1292,564,13339333.0
15900000.0,14030001.0,14100000.0,14595503.5,13339337.2,508,303.0,2025-05-02T02:00:34.473,1547,780,13339337.0
14735080.0,13402143.0,13500000.0,14735080.0,12470069.1,487,238.0,2025-05-01T02:00:14.506,1518,883,12470069.0
15000000.0,12350851.0,12997135.0,13093411.4,12080005.0,4063,852.0,2025-04-30T02:00:26.967,1418,971,12080005.0
13745301.0,13000000.0,12969047.0,13745300.5,11849768.0,3670,802.0,2025-04-29T02:00:27.007,1425,1032,11849768.0
13999996.0,12700000.0,13709744.0,13999995.1,11097530.9,2785,417.0,2025-04-28T02:00:26.975,1448,1039,11097531.0
13999999.0,11142630.0,11999988.0,11999990.5,11097505.6,2233,381.0,2025-04-27T02:00:07,1411,982,11097506.0
12899091.0,11050003.0,11855591.0,12899091.2,10400006.3,1679,1609.0,2025-04-26T02:00:26.979,1322,917,10400006.0
15950000.0,13054985.0,12885872.0,13499358.3,12988267.6,95,2956.0,2025-04-25T02:00:26.957,1102,680,
14363074.0,13027218.0,13689361.0,14363073.8,12988268.2,240,2233.0,2025-04-24T02:00:26.966,1161,599,12988266.0
14874184.0,13742082.0,14496986.0,14874184.2,13742081.4,914,1381.0,2025-04-23T02:00:27.122,1165,519,12889003.0
15019980.0,14000000.0,14874188.0,15019980.0,13742078.4,841,456.0,2025-04-22T02:00:07.042,1122,427,13742078.0
15169449.0,14000000.0,14892190.0,15169448.7,14000000.0,538,340.0,2025-04-21T02:00:26.974,1120,447,13237844.0
15999999.0,14000000.0,13999998.0,13999998.7,12944554.8,147,204.0,2025-04-20T02:00:27.053,1146,521,12944555.0
13999999.0,13466891.0,13676689.0,13699999.9,13466890.8,70,180.0,2025-04-19T02:00:07.038,1247,564,12889002.0
14176500.0,13466891.0,13946688.0,14176498.4,13438829.6,137,196.0,2025-04-18T02:00:26.993,1253,598,13438830.0
14176500.0,14176000.0,14098836.0,14176486.9,13400001.8,343,481.0,2025-04-17T02:00:21.947,1189,595,13400001.0
14176493.0,13400001.0,13887539.0,14176492.8,13110245.0,265,450.0,2025-04-16T02:00:01.998,1185,640,13110245.0
14176500.0,13163554.0,13399997.0,13399997.3,12914552.8,121,261.0,2025-04-15T02:00:01.994,1188,619,12914552.0
13400000.0,12938824.0,13000000.0,13000000.0,12889001.3,143,375.0,2025-04-14T02:00:06.738,1162,584,12889001.0
13705003.0,12978491.0,13699998.0,13705003.3,12940253.9,171,644.0,2025-04-13T02:00:27.151,1096,542,12889000.0
13785574.0,13016238.0,13623036.0,13785574.2,12979986.4,30,530.0,2025-04-12T02:00:06.72,1033,509,12885318.0
14176499.0,13085850.0,13785581.0,14176498.8,13039813.3,150,1383.0,2025-04-11T02:00:19.19,994,484,13039813.0
14529749.0,13840340.0,14391859.0,14529749.0,13804054.5,1539,846.0,2025-04-10T02:00:39.149,1014,488,12979983.0
14610386.0,13882672.0,14529743.0,14610384.2,13804055.3,1565,831.0,2025-04-09T02:00:19.15,993,450,13804054.0
14610398.0,13804054.0,14457176.0,14610397.6,13804049.1,1498,674.0,2025-04-08T02:00:19.118,973,489,13804049.0
14699998.0,13848844.0,14589995.0,14699997.1,13600000.4,1380,544.0,2025-04-07T02:00:19.094,956,488,13600000.0
14778564.0,13225309.0,14544769.0,14778563.1,12885317.7,1077,382.0,2025-04-06T02:00:19.134,971,511,12885318.0
15000000.0,13500000.0,13891252.0,13891252.4,12546433.7,524,559.0,2025-04-05T02:00:19.08,986,558,12546434.0
13891256.0,12585771.0,13250500.0,13891255.9,12505007.6,249,539.0,2025-04-04T02:00:39.16,1081,574,12505008.0
13891256.0,12570406.0,13564497.0,13813026.3,12505001.0,26,652.0,2025-04-03T02:00:19.121,1057,574,12505001.0
13891257.0,13152222.0,13813030.0,13891257.2,13152221.5,36,453.0,2025-04-02T02:00:19.135,1075,554,13109000.0
13891261.0,13375162.0,13817354.0,13891261.3,13152220.5,44,363.0,2025-04-01T02:00:19.103,1089,544,13152220.0
13973382.0,13193278.0,13891261.0,13973381.6,13152219.9,114,1527.0,2025-03-31T02:00:14.136,1110,552,13152220.0
14336111.0,13368926.0,13973381.0,14336110.5,13318020.9,320,1423.0,2025-03-30T02:00:34.139,1132,546,13109000.0
14434793.0,14000000.0,14167388.0,14434792.8,13448098.1,308,1254.0,2025-03-29T02:00:14.22,1147,621,13318020.0
14800373.0,13866121.0,14342148.0,14800373.0,13240000.9,315,687.0,2025-03-28T02:00:34.152,1040,600,13240001.0
15295997.0,14293186.0,15000000.0,15295996.9,14064806.1,423,432.0,2025-03-27T02:00:34.071,1034,651,13240000.0
15600000.0,14500000.0,14089792.0,14089792.5,13236902.7,301,413.0,2025-03-26T02:00:34.056,1040,744,13236903.0
14089791.0,14000000.0,13919213.0,14089788.6,13192008.5,228,365.0,2025-03-25T02:00:34.209,1040,873,13192008.0
14089789.0,13600000.0,13837282.0,14089789.1,13158043.4,169,422.0,2025-03-24T02:00:14.121,1081,885,13158043.0
14089792.0,13500000.0,13991710.0,14089790.7,13108344.5,94,379.0,2025-03-23T02:00:34.084,1153,843,13108343.0
14089792.0,13157415.0,13688556.0,14089791.1,13108341.7,164,449.0,2025-03-22T02:00:34.063,1141,748,13108341.0
14209999.0,13157414.0,13500000.0,14209999.0,13008002.2,90,390.0,2025-03-21T02:00:14.131,1197,751,13008002.0
14420930.0,13709324.0,14285714.0,14420929.9,13709323.0,80,1288.0,2025-03-20T02:00:18.979,1213,690,13008001.0
16391365.0,13956685.0,14200000.0,16391365.0,13897030.6,121,832.0,2025-03-19T02:00:38.989,1222,621,13709322.0
17889996.0,16000002.0,16588995.0,17889995.8,16000000.5,2833,266.0,2025-03-18T02:00:03.797,1253,488,14612808.0
17890000.0,15972727.0,17615450.0,17889999.7,15144501.4,2491,57.0,2025-03-17T02:00:03.81,1218,517,15144501.0
17890000.0,15000000.0,15088398.0,15733016.6,13897031.3,2104,1810.0,2025-03-16T02:00:23.779,1169,543,13897031.0
15733023.0,13886907.0,15519997.0,15733023.3,13602798.1,1457,1694.0,2025-03-15T02:00:23.758,1202,593,13602797.0
15969723.0,13709303.0,15000000.0,15099999.4,13500007.2,1218,1648.0,2025-03-14T02:00:03.787,1188,631,13500007.0
15100000.0,14700001.0,14766607.0,14766606.7,13451756.8,1072,1777.0,2025-03-13T02:00:03.76,1220,674,13451757.0
14608767.0,13500000.0,14066633.0,14134952.5,13451753.8,1010,2075.0,2025-03-12T02:00:03.785,1266,682,13451752.0
14295213.0,13493922.0,14005142.0,14295212.7,13451747.9,880,2019.0,2025-03-11T02:00:03.748,1282,691,13451748.0
14766606.0,13451748.0,14200000.0,14766605.5,13188239.7,627,1864.0,2025-03-10T02:00:03.749,1276,660,13188240.0
14999997.0,14512223.0,14500000.0,14999996.6,14512222.9,1376,1673.0,2025-03-09T02:00:03.754,1244,622,13008001.0
15969732.0,15180005.0,15671221.0,15969732.2,15180005.0,1742,1405.0,2025-03-08T02:00:23.724,1206,561,13242136.0
16225438.0,15329111.0,15900955.0,16120894.5,15180005.2,1741,1090.0,2025-03-07T02:00:23.747,1224,509,15180005.0
16566995.0,15359619.0,16327900.0,16566993.2,15308655.1,1915,592.0,2025-03-06T02:00:03.734,1254,515,15249355.0
16699998.0,16000001.0,16428297.0,16699997.6,16000000.4,1766,125.0,2025-03-05T02:00:23.775,1242,512,15180005.0
16699998.0,16000000.0,16699997.0,16699997.3,15180005.3,1745,146.0,2025-03-05T00:00:03.735,1236,525,15180005.0
16000000.0,15000007.0,15810000.0,15899998.2,15000002.6,1378,1114.0,2025-03-03T02:00:03.789,1325,625,15000002.0
16000000.0,15050001.0,14299995.0,14299995.2,13242136.0,919,1148.0,2025-03-02T02:00:23.796,1384,666,13242136.0
14299996.0,13242136.0,14088421.0,14299996.1,13127837.9,542,1134.0,2025-03-01T02:00:03.768,1475,726,13127838.0
14300000.0,14080087.0,14054514.0,14276971.0,14069724.5,231,1136.0,2025-02-28T02:00:23.733,1465,769,13005003.0
15394452.0,14239173.0,14299998.0,14503465.0,14239172.6,730,1091.0,2025-02-27T02:00:03.863,1453,815,14000000.0
16767364.0,15000000.0,14983378.0,15070931.1,14195391.8,659,1112.0,2025-02-26T02:00:03.76,1480,880,14195392.0
16767367.0,16109621.0,14795706.0,16767366.9,16075002.8,257,887.0,2025-02-25T02:00:03.757,1526,909,13005003.0
16929778.0,16117745.0,16499999.0,16929778.0,16075006.6,1415,659.0,2025-02-24T02:00:03.744,1510,923,16075005.0
17500000.0,17000000.0,16500000.0,16499999.8,13308592.8,1186,151.0,2025-02-23T02:00:23.781,1577,940,13308593.0
15584995.0,14591944.0,14000000.0,15081975.1,14591943.5,1193,1117.0,2025-02-22T02:00:03.767,1576,931,13005001.0
15133418.0,14686673.0,14961236.0,14999999.7,14591942.5,1126,1141.0,2025-02-21T02:00:23.77,1617,902,14591942.0
15172518.0,14799151.0,14911677.0,15114453.9,14716520.2,1124,1060.0,2025-02-20T02:00:03.797,1699,945,14591942.0
15172520.0,14699641.0,15062196.0,15172518.7,14674752.7,1585,995.0,2025-02-19T02:00:03.74,1729,938,14591942.0
15388346.0,14674751.0,15114461.0,15308704.9,14591941.8,1491,977.0,2025-02-18T02:00:03.796,1727,893,14591942.0
15584995.0,14705528.0,15388345.0,15584994.7,14550022.0,1434,975.0,2025-02-17T02:00:23.803,1735,853,14550022.0
15699995.0,14662140.0,15500000.0,15699993.1,14326092.6,1002,934.0,2025-02-16T02:00:23.732,1702,899,14326090.0
15699998.0,14434583.0,15327659.0,15699997.6,14105903.2,550,1115.0,2025-02-15T02:05:03.764,1761,947,14105903.0
16000000.0,14120900.0,13847872.0,13847871.7,13276907.9,266,1078.0,2025-02-14T02:00:23.807,1780,985,13250003.0
16176034.0,15249763.0,13953481.0,16176034.2,15249762.2,247,812.0,2025-02-13T02:00:03.752,1699,963,12501000.0
16791172.0,16058235.0,16454789.0,16791169.4,15945463.8,485,275.0,2025-02-12T02:00:03.776,1686,906,15426183.0
17780000.0,16700002.0,16000000.0,17780000.0,16700000.5,299,105.0,2025-02-11T02:00:23.78,1676,887,15426185.0
17000000.0,16201000.0,16000000.0,16200804.4,15426182.1,432,181.0,2025-02-10T02:00:03.787,1661,828,15426182.0
16200806.0,15426181.0,15955958.0,16200805.2,15249765.4,226,245.0,2025-02-09T02:00:03.817,1605,746,15249761.0
16200805.0,15500000.0,15935191.0,16095970.5,15249761.3,193,436.0,2025-02-08T02:00:23.769,1481,656,15249761.0
16289995.0,15500000.0,16100674.0,16289994.1,15249761.5,208,314.0,2025-02-07T02:00:03.73,1458,624,15249761.0
16299996.0,15301774.0,16185973.0,16299995.6,15249761.6,1510,167.0,2025-02-06T02:00:21.173,1516,517,15249761.0
16299997.0,15302267.0,16200223.0,16299995.7,15075035.9,1213,179.0,2025-02-05T02:00:01.21,1475,492,15075036.0
16299998.0,15075035.0,16100000.0,16299997.0,15075022.0,991,179.0,2025-02-04T06:00:41.171,1499,502,15075022.0
16357495.0,15200058.0,16177500.0,16357495.1,15075014.6,812,455.0,2025-02-03T02:00:01.24,1550,553,15075015.0
16499999.0,15075014.0,16113826.0,16499999.1,15000006.9,727,359.0,2025-02-02T08:55:21.201,1528,556,15000007.0
16999998.0,15109668.0,16521336.0,16999998.0,14639187.6,290,132.0,2025-02-01T02:00:01.192,1581,564,14639188.0
17000000.0,14757227.0,14910332.0,14999999.2,14351721.7,102,412.0,2025-01-31T06:00:21.191,1543,563,14351722.0
15033761.0,14700000.0,14897690.0,15033761.1,14317598.2,3390,3488.0,2025-01-30T04:00:06.137,1500,554,14317598.0
15299994.0,14317598.0,15196582.0,15299993.8,14265886.0,3328,3432.0,2025-01-29T14:00:06.342,1528,553,14265886.0
15299996.0,14500000.0,14666666.0,15048846.8,14001244.4,3236,3490.0,2025-01-28T00:00:06.571,1476,534,13946106.0
15299996.0,14053027.0,14933088.0,15158224.1,13946098.2,3238,3228.0,2025-01-27T00:00:06.148,1482,551,13946098.0
15300000.0,14006704.0,14710889.0,14710888.8,13807672.9,3039,3169.0,2025-01-26T00:00:06.18,1487,660,13807673.0
14710891.0,13891446.0,14473840.0,14710887.7,13807671.7,3002,3094.0,2025-01-25T00:00:06.193,1508,703,13807672.0
15046663.0,13869616.0,14466115.0,15046662.6,13807662.3,2801,2902.0,2025-01-24T00:00:06.158,1519,763,13807662.0
15600000.0,13807662.0,15000000.0,15067917.1,13000008.6,2329,2464.0,2025-01-23T00:00:06.153,1522,772,13000009.0
15067917.0,13299899.0,14214994.0,14499995.2,12275067.9,2036,2501.0,2025-01-22T00:00:06.171,1526,768,12275068.0
14499996.0,13000000.0,13201049.0,14439969.1,8000000.2,747,3559.0,2025-01-21T00:00:06.265,1559,778,8000000.0
14499996.0,14098704.0,7100000.0,14499996.4,14098703.5,307,3470.0,2025-01-20T00:00:06.157,1553,773,4588357.5
15146500.0,14437361.0,14457756.0,15146499.6,14360749.7,336,2892.0,2025-01-19T00:00:06.186,1595,674,14077583.0
15300000.0,15108000.0,15039610.0,15057326.2,14555913.6,1012,2491.0,2025-01-18T02:00:06.146,1598,622,13684285.0
15171535.0,14709895.0,14799999.0,15171534.5,14709895.4,1097,2509.0,2025-01-17T02:00:06.152,1792,709,14526905.0
15399991.0,14825998.0,15335806.0,15399990.5,14758195.9,1212,2357.0,2025-01-16T02:00:26.144,1734,707,14526904.0
15400000.0,14790284.0,15000000.0,15100000.0,14149746.1,1060,2622.0,2025-01-15T02:00:26.507,1766,713,14149746.0
14888926.0,14186704.0,14811115.0,14888925.1,14110839.5,1040,2884.0,2025-01-14T02:00:26.15,1729,819,14110839.0
14974690.0,14117071.0,14607962.0,14884414.5,14071934.9,1287,2729.0,2025-01-13T02:00:06.352,1735,856,14071933.0
15389997.0,14200000.0,14500000.0,14985981.6,13973181.9,1251,2548.0,2025-01-12T02:00:06.161,1742,951,13973182.0
15390000.0,13919874.0,14985982.0,15390000.0,13500000.0,936,2491.0,2025-01-11T02:00:06.152,1782,981,13500000.0
16734680.0,15000000.0,14061001.0,14061000.8,12777429.3,1187,4784.0,2025-01-10T02:00:26.211,1670,846,11000000.0
14394625.0,13028808.0,14061001.0,14394625.2,12546325.5,664,4614.0,2025-01-09T02:00:06.171,1793,832,12546326.0
